Fecha,Semana,Mes,Dia,Anio
01/01/1900,1,1,1,1900
01/01/2017,1,1,1,2017
02/01/2017,1,1,2,2017
03/01/2017,1,1,3,2017
04/01/2017,1,1,4,2017
05/01/2017,1,1,5,2017
06/01/2017,1,1,6,2017
07/01/2017,1,1,7,2017
08/01/2017,1,1,8,2017
09/01/2017,2,1,9,2017
10/01/2017,2,1,10,2017
11/01/2017,2,1,11,2017
12/01/2017,2,1,12,2017
13/01/2017,2,1,13,2017
14/01/2017,2,1,14,2017
15/01/2017,2,1,15,2017
16/01/2017,3,1,16,2017
17/01/2017,3,1,17,2017
18/01/2017,3,1,18,2017
19/01/2017,3,1,19,2017
20/01/2017,3,1,20,2017
21/01/2017,3,1,21,2017
22/01/2017,3,1,22,2017
23/01/2017,4,1,23,2017
24/01/2017,4,1,24,2017
25/01/2017,4,1,25,2017
26/01/2017,4,1,26,2017
27/01/2017,4,1,27,2017
28/01/2017,4,1,28,2017
29/01/2017,4,1,29,2017
30/01/2017,5,1,30,2017
31/01/2017,5,1,31,2017
01/02/2017,5,2,1,2017
02/02/2017,5,2,2,2017
03/02/2017,5,2,3,2017
04/02/2017,5,2,4,2017
05/02/2017,5,2,5,2017
06/02/2017,6,2,6,2017
07/02/2017,6,2,7,2017
08/02/2017,6,2,8,2017
09/02/2017,6,2,9,2017
10/02/2017,6,2,10,2017
11/02/2017,6,2,11,2017
12/02/2017,6,2,12,2017
13/02/2017,7,2,13,2017
14/02/2017,7,2,14,2017
15/02/2017,7,2,15,2017
16/02/2017,7,2,16,2017
17/02/2017,7,2,17,2017
18/02/2017,7,2,18,2017
19/02/2017,7,2,19,2017
20/02/2017,8,2,20,2017
21/02/2017,8,2,21,2017
22/02/2017,8,2,22,2017
23/02/2017,8,2,23,2017
24/02/2017,8,2,24,2017
25/02/2017,8,2,25,2017
26/02/2017,8,2,26,2017
27/02/2017,9,2,27,2017
28/02/2017,9,2,28,2017
01/03/2017,9,3,1,2017
02/03/2017,9,3,2,2017
03/03/2017,9,3,3,2017
04/03/2017,9,3,4,2017
05/03/2017,9,3,5,2017
06/03/2017,10,3,6,2017
07/03/2017,10,3,7,2017
08/03/2017,10,3,8,2017
09/03/2017,10,3,9,2017
10/03/2017,10,3,10,2017
11/03/2017,10,3,11,2017
12/03/2017,10,3,12,2017
13/03/2017,11,3,13,2017
14/03/2017,11,3,14,2017
15/03/2017,11,3,15,2017
16/03/2017,11,3,16,2017
17/03/2017,11,3,17,2017
18/03/2017,11,3,18,2017
19/03/2017,11,3,19,2017
20/03/2017,12,3,20,2017
21/03/2017,12,3,21,2017
22/03/2017,12,3,22,2017
23/03/2017,12,3,23,2017
24/03/2017,12,3,24,2017
25/03/2017,12,3,25,2017
26/03/2017,12,3,26,2017
27/03/2017,13,3,27,2017
28/03/2017,13,3,28,2017
29/03/2017,13,3,29,2017
30/03/2017,13,3,30,2017
31/03/2017,13,3,31,2017
01/04/2017,13,4,1,2017
02/04/2017,13,4,2,2017
03/04/2017,14,4,3,2017
04/04/2017,14,4,4,2017
05/04/2017,14,4,5,2017
06/04/2017,14,4,6,2017
07/04/2017,14,4,7,2017
08/04/2017,14,4,8,2017
09/04/2017,14,4,9,2017
10/04/2017,15,4,10,2017
11/04/2017,15,4,11,2017
12/04/2017,15,4,12,2017
13/04/2017,15,4,13,2017
14/04/2017,15,4,14,2017
15/04/2017,15,4,15,2017
16/04/2017,15,4,16,2017
17/04/2017,16,4,17,2017
18/04/2017,16,4,18,2017
19/04/2017,16,4,19,2017
20/04/2017,16,4,20,2017
21/04/2017,16,4,21,2017
22/04/2017,16,4,22,2017
23/04/2017,16,4,23,2017
24/04/2017,17,4,24,2017
25/04/2017,17,4,25,2017
26/04/2017,17,4,26,2017
27/04/2017,17,4,27,2017
28/04/2017,17,4,28,2017
29/04/2017,17,4,29,2017
30/04/2017,17,4,30,2017
01/05/2017,18,5,1,2017
02/05/2017,18,5,2,2017
03/05/2017,18,5,3,2017
04/05/2017,18,5,4,2017
05/05/2017,18,5,5,2017
06/05/2017,18,5,6,2017
07/05/2017,18,5,7,2017
08/05/2017,19,5,8,2017
09/05/2017,19,5,9,2017
10/05/2017,19,5,10,2017
11/05/2017,19,5,11,2017
12/05/2017,19,5,12,2017
13/05/2017,19,5,13,2017
14/05/2017,19,5,14,2017
15/05/2017,20,5,15,2017
16/05/2017,20,5,16,2017
17/05/2017,20,5,17,2017
18/05/2017,20,5,18,2017
19/05/2017,20,5,19,2017
20/05/2017,20,5,20,2017
21/05/2017,20,5,21,2017
22/05/2017,21,5,22,2017
23/05/2017,21,5,23,2017
24/05/2017,21,5,24,2017
25/05/2017,21,5,25,2017
26/05/2017,21,5,26,2017
27/05/2017,21,5,27,2017
28/05/2017,21,5,28,2017
29/05/2017,22,5,29,2017
30/05/2017,22,5,30,2017
31/05/2017,22,5,31,2017
01/06/2017,22,6,1,2017
02/06/2017,22,6,2,2017
03/06/2017,22,6,3,2017
04/06/2017,22,6,4,2017
05/06/2017,23,6,5,2017
06/06/2017,23,6,6,2017
07/06/2017,23,6,7,2017
08/06/2017,23,6,8,2017
09/06/2017,23,6,9,2017
10/06/2017,23,6,10,2017
11/06/2017,23,6,11,2017
12/06/2017,24,6,12,2017
13/06/2017,24,6,13,2017
14/06/2017,24,6,14,2017
15/06/2017,24,6,15,2017
16/06/2017,24,6,16,2017
17/06/2017,24,6,17,2017
18/06/2017,24,6,18,2017
19/06/2017,25,6,19,2017
20/06/2017,25,6,20,2017
21/06/2017,25,6,21,2017
22/06/2017,25,6,22,2017
23/06/2017,25,6,23,2017
24/06/2017,25,6,24,2017
25/06/2017,25,6,25,2017
26/06/2017,26,6,26,2017
27/06/2017,26,6,27,2017
28/06/2017,26,6,28,2017
29/06/2017,26,6,29,2017
30/06/2017,26,6,30,2017
01/07/2017,26,7,1,2017
02/07/2017,26,7,2,2017
03/07/2017,27,7,3,2017
04/07/2017,27,7,4,2017
05/07/2017,27,7,5,2017
06/07/2017,27,7,6,2017
07/07/2017,27,7,7,2017
08/07/2017,27,7,8,2017
09/07/2017,27,7,9,2017
10/07/2017,28,7,10,2017
11/07/2017,28,7,11,2017
12/07/2017,28,7,12,2017
13/07/2017,28,7,13,2017
14/07/2017,28,7,14,2017
15/07/2017,28,7,15,2017
16/07/2017,28,7,16,2017
17/07/2017,29,7,17,2017
18/07/2017,29,7,18,2017
19/07/2017,29,7,19,2017
20/07/2017,29,7,20,2017
21/07/2017,29,7,21,2017
22/07/2017,29,7,22,2017
23/07/2017,29,7,23,2017
24/07/2017,30,7,24,2017
25/07/2017,30,7,25,2017
26/07/2017,30,7,26,2017
27/07/2017,30,7,27,2017
28/07/2017,30,7,28,2017
29/07/2017,30,7,29,2017
30/07/2017,30,7,30,2017
31/07/2017,31,7,31,2017
01/08/2017,31,8,1,2017
02/08/2017,31,8,2,2017
03/08/2017,31,8,3,2017
04/08/2017,31,8,4,2017
05/08/2017,31,8,5,2017
06/08/2017,31,8,6,2017
07/08/2017,32,8,7,2017
08/08/2017,32,8,8,2017
09/08/2017,32,8,9,2017
10/08/2017,32,8,10,2017
11/08/2017,32,8,11,2017
12/08/2017,32,8,12,2017
13/08/2017,32,8,13,2017
14/08/2017,33,8,14,2017
15/08/2017,33,8,15,2017
16/08/2017,33,8,16,2017
17/08/2017,33,8,17,2017
18/08/2017,33,8,18,2017
19/08/2017,33,8,19,2017
20/08/2017,33,8,20,2017
21/08/2017,34,8,21,2017
22/08/2017,34,8,22,2017
23/08/2017,34,8,23,2017
24/08/2017,34,8,24,2017
25/08/2017,34,8,25,2017
26/08/2017,34,8,26,2017
27/08/2017,34,8,27,2017
28/08/2017,35,8,28,2017
29/08/2017,35,8,29,2017
30/08/2017,35,8,30,2017
31/08/2017,35,8,31,2017
01/09/2017,35,9,1,2017
02/09/2017,35,9,2,2017
03/09/2017,35,9,3,2017
04/09/2017,36,9,4,2017
05/09/2017,36,9,5,2017
06/09/2017,36,9,6,2017
07/09/2017,36,9,7,2017
08/09/2017,36,9,8,2017
09/09/2017,36,9,9,2017
10/09/2017,36,9,10,2017
11/09/2017,37,9,11,2017
12/09/2017,37,9,12,2017
13/09/2017,37,9,13,2017
14/09/2017,37,9,14,2017
15/09/2017,37,9,15,2017
16/09/2017,37,9,16,2017
17/09/2017,37,9,17,2017
18/09/2017,38,9,18,2017
19/09/2017,38,9,19,2017
20/09/2017,38,9,20,2017
21/09/2017,38,9,21,2017
22/09/2017,38,9,22,2017
23/09/2017,38,9,23,2017
24/09/2017,38,9,24,2017
25/09/2017,39,9,25,2017
26/09/2017,39,9,26,2017
27/09/2017,39,9,27,2017
28/09/2017,39,9,28,2017
29/09/2017,39,9,29,2017
30/09/2017,39,9,30,2017
01/10/2017,39,10,1,2017
02/10/2017,40,10,2,2017
03/10/2017,40,10,3,2017
04/10/2017,40,10,4,2017
05/10/2017,40,10,5,2017
06/10/2017,40,10,6,2017
07/10/2017,40,10,7,2017
08/10/2017,40,10,8,2017
09/10/2017,41,10,9,2017
10/10/2017,41,10,10,2017
11/10/2017,41,10,11,2017
12/10/2017,41,10,12,2017
13/10/2017,41,10,13,2017
14/10/2017,41,10,14,2017
15/10/2017,41,10,15,2017
16/10/2017,42,10,16,2017
17/10/2017,42,10,17,2017
18/10/2017,42,10,18,2017
19/10/2017,42,10,19,2017
20/10/2017,42,10,20,2017
21/10/2017,42,10,21,2017
22/10/2017,42,10,22,2017
23/10/2017,43,10,23,2017
24/10/2017,43,10,24,2017
25/10/2017,43,10,25,2017
26/10/2017,43,10,26,2017
27/10/2017,43,10,27,2017
28/10/2017,43,10,28,2017
29/10/2017,43,10,29,2017
30/10/2017,44,10,30,2017
31/10/2017,44,10,31,2017
01/11/2017,44,11,1,2017
02/11/2017,44,11,2,2017
03/11/2017,44,11,3,2017
04/11/2017,44,11,4,2017
05/11/2017,44,11,5,2017
06/11/2017,45,11,6,2017
07/11/2017,45,11,7,2017
08/11/2017,45,11,8,2017
09/11/2017,45,11,9,2017
10/11/2017,45,11,10,2017
11/11/2017,45,11,11,2017
12/11/2017,45,11,12,2017
13/11/2017,46,11,13,2017
14/11/2017,46,11,14,2017
15/11/2017,46,11,15,2017
16/11/2017,46,11,16,2017
17/11/2017,46,11,17,2017
18/11/2017,46,11,18,2017
19/11/2017,46,11,19,2017
20/11/2017,47,11,20,2017
21/11/2017,47,11,21,2017
22/11/2017,47,11,22,2017
23/11/2017,47,11,23,2017
24/11/2017,47,11,24,2017
25/11/2017,47,11,25,2017
26/11/2017,47,11,26,2017
27/11/2017,48,11,27,2017
28/11/2017,48,11,28,2017
29/11/2017,48,11,29,2017
30/11/2017,48,11,30,2017
01/12/2017,48,12,1,2017
02/12/2017,48,12,2,2017
03/12/2017,48,12,3,2017
04/12/2017,49,12,4,2017
05/12/2017,49,12,5,2017
06/12/2017,49,12,6,2017
07/12/2017,49,12,7,2017
08/12/2017,49,12,8,2017
09/12/2017,49,12,9,2017
10/12/2017,49,12,10,2017
11/12/2017,50,12,11,2017
12/12/2017,50,12,12,2017
13/12/2017,50,12,13,2017
14/12/2017,50,12,14,2017
15/12/2017,50,12,15,2017
16/12/2017,50,12,16,2017
17/12/2017,50,12,17,2017
18/12/2017,51,12,18,2017
19/12/2017,51,12,19,2017
20/12/2017,51,12,20,2017
21/12/2017,51,12,21,2017
22/12/2017,51,12,22,2017
23/12/2017,51,12,23,2017
24/12/2017,51,12,24,2017
25/12/2017,52,12,25,2017
26/12/2017,52,12,26,2017
27/12/2017,52,12,27,2017
28/12/2017,52,12,28,2017
29/12/2017,52,12,29,2017
30/12/2017,52,12,30,2017
31/12/2017,52,12,31,2017
01/01/2018,1,1,1,2018
02/01/2018,1,1,2,2018
03/01/2018,1,1,3,2018
04/01/2018,1,1,4,2018
05/01/2018,1,1,5,2018
06/01/2018,1,1,6,2018
07/01/2018,1,1,7,2018
08/01/2018,2,1,8,2018
09/01/2018,2,1,9,2018
10/01/2018,2,1,10,2018
11/01/2018,2,1,11,2018
12/01/2018,2,1,12,2018
13/01/2018,2,1,13,2018
14/01/2018,2,1,14,2018
15/01/2018,3,1,15,2018
16/01/2018,3,1,16,2018
17/01/2018,3,1,17,2018
18/01/2018,3,1,18,2018
19/01/2018,3,1,19,2018
20/01/2018,3,1,20,2018
21/01/2018,3,1,21,2018
22/01/2018,4,1,22,2018
23/01/2018,4,1,23,2018
24/01/2018,4,1,24,2018
25/01/2018,4,1,25,2018
26/01/2018,4,1,26,2018
27/01/2018,4,1,27,2018
28/01/2018,4,1,28,2018
29/01/2018,5,1,29,2018
30/01/2018,5,1,30,2018
31/01/2018,5,1,31,2018
01/02/2018,5,2,1,2018
02/02/2018,5,2,2,2018
03/02/2018,5,2,3,2018
04/02/2018,5,2,4,2018
05/02/2018,6,2,5,2018
06/02/2018,6,2,6,2018
07/02/2018,6,2,7,2018
08/02/2018,6,2,8,2018
09/02/2018,6,2,9,2018
10/02/2018,6,2,10,2018
11/02/2018,6,2,11,2018
12/02/2018,7,2,12,2018
13/02/2018,7,2,13,2018
14/02/2018,7,2,14,2018
15/02/2018,7,2,15,2018
16/02/2018,7,2,16,2018
17/02/2018,7,2,17,2018
18/02/2018,7,2,18,2018
19/02/2018,8,2,19,2018
20/02/2018,8,2,20,2018
21/02/2018,8,2,21,2018
22/02/2018,8,2,22,2018
23/02/2018,8,2,23,2018
24/02/2018,8,2,24,2018
25/02/2018,8,2,25,2018
26/02/2018,9,2,26,2018
27/02/2018,9,2,27,2018
28/02/2018,9,2,28,2018
01/03/2018,9,3,1,2018
02/03/2018,9,3,2,2018
03/03/2018,9,3,3,2018
04/03/2018,9,3,4,2018
05/03/2018,10,3,5,2018
06/03/2018,10,3,6,2018
07/03/2018,10,3,7,2018
08/03/2018,10,3,8,2018
09/03/2018,10,3,9,2018
10/03/2018,10,3,10,2018
11/03/2018,10,3,11,2018
12/03/2018,11,3,12,2018
13/03/2018,11,3,13,2018
14/03/2018,11,3,14,2018
15/03/2018,11,3,15,2018
16/03/2018,11,3,16,2018
17/03/2018,11,3,17,2018
18/03/2018,11,3,18,2018
19/03/2018,12,3,19,2018
20/03/2018,12,3,20,2018
21/03/2018,12,3,21,2018
22/03/2018,12,3,22,2018
23/03/2018,12,3,23,2018
24/03/2018,12,3,24,2018
25/03/2018,12,3,25,2018
26/03/2018,13,3,26,2018
27/03/2018,13,3,27,2018
28/03/2018,13,3,28,2018
29/03/2018,13,3,29,2018
30/03/2018,13,3,30,2018
31/03/2018,13,3,31,2018
01/04/2018,13,4,1,2018
02/04/2018,14,4,2,2018
03/04/2018,14,4,3,2018
04/04/2018,14,4,4,2018
05/04/2018,14,4,5,2018
06/04/2018,14,4,6,2018
07/04/2018,14,4,7,2018
08/04/2018,14,4,8,2018
09/04/2018,15,4,9,2018
10/04/2018,15,4,10,2018
11/04/2018,15,4,11,2018
12/04/2018,15,4,12,2018
13/04/2018,15,4,13,2018
14/04/2018,15,4,14,2018
15/04/2018,15,4,15,2018
16/04/2018,16,4,16,2018
17/04/2018,16,4,17,2018
18/04/2018,16,4,18,2018
19/04/2018,16,4,19,2018
20/04/2018,16,4,20,2018
21/04/2018,16,4,21,2018
22/04/2018,16,4,22,2018
23/04/2018,17,4,23,2018
24/04/2018,17,4,24,2018
25/04/2018,17,4,25,2018
26/04/2018,17,4,26,2018
27/04/2018,17,4,27,2018
28/04/2018,17,4,28,2018
29/04/2018,17,4,29,2018
30/04/2018,18,4,30,2018
01/05/2018,18,5,1,2018
02/05/2018,18,5,2,2018
03/05/2018,18,5,3,2018
04/05/2018,18,5,4,2018
05/05/2018,18,5,5,2018
06/05/2018,18,5,6,2018
07/05/2018,19,5,7,2018
08/05/2018,19,5,8,2018
09/05/2018,19,5,9,2018
10/05/2018,19,5,10,2018
11/05/2018,19,5,11,2018
12/05/2018,19,5,12,2018
13/05/2018,19,5,13,2018
14/05/2018,20,5,14,2018
15/05/2018,20,5,15,2018
16/05/2018,20,5,16,2018
17/05/2018,20,5,17,2018
18/05/2018,20,5,18,2018
19/05/2018,20,5,19,2018
20/05/2018,20,5,20,2018
21/05/2018,21,5,21,2018
22/05/2018,21,5,22,2018
23/05/2018,21,5,23,2018
24/05/2018,21,5,24,2018
25/05/2018,21,5,25,2018
26/05/2018,21,5,26,2018
27/05/2018,21,5,27,2018
28/05/2018,22,5,28,2018
29/05/2018,22,5,29,2018
30/05/2018,22,5,30,2018
31/05/2018,22,5,31,2018
01/06/2018,22,6,1,2018
02/06/2018,22,6,2,2018
03/06/2018,22,6,3,2018
04/06/2018,23,6,4,2018
05/06/2018,23,6,5,2018
06/06/2018,23,6,6,2018
07/06/2018,23,6,7,2018
08/06/2018,23,6,8,2018
09/06/2018,23,6,9,2018
10/06/2018,23,6,10,2018
11/06/2018,24,6,11,2018
12/06/2018,24,6,12,2018
13/06/2018,24,6,13,2018
14/06/2018,24,6,14,2018
15/06/2018,24,6,15,2018
16/06/2018,24,6,16,2018
17/06/2018,24,6,17,2018
18/06/2018,25,6,18,2018
19/06/2018,25,6,19,2018
20/06/2018,25,6,20,2018
21/06/2018,25,6,21,2018
22/06/2018,25,6,22,2018
23/06/2018,25,6,23,2018
24/06/2018,25,6,24,2018
25/06/2018,26,6,25,2018
26/06/2018,26,6,26,2018
27/06/2018,26,6,27,2018
28/06/2018,26,6,28,2018
29/06/2018,26,6,29,2018
30/06/2018,26,6,30,2018
01/07/2018,26,7,1,2018
02/07/2018,27,7,2,2018
03/07/2018,27,7,3,2018
04/07/2018,27,7,4,2018
05/07/2018,27,7,5,2018
06/07/2018,27,7,6,2018
07/07/2018,27,7,7,2018
08/07/2018,27,7,8,2018
09/07/2018,28,7,9,2018
10/07/2018,28,7,10,2018
11/07/2018,28,7,11,2018
12/07/2018,28,7,12,2018
13/07/2018,28,7,13,2018
14/07/2018,28,7,14,2018
15/07/2018,28,7,15,2018
16/07/2018,29,7,16,2018
17/07/2018,29,7,17,2018
18/07/2018,29,7,18,2018
19/07/2018,29,7,19,2018
20/07/2018,29,7,20,2018
21/07/2018,29,7,21,2018
22/07/2018,29,7,22,2018
23/07/2018,30,7,23,2018
24/07/2018,30,7,24,2018
25/07/2018,30,7,25,2018
26/07/2018,30,7,26,2018
27/07/2018,30,7,27,2018
28/07/2018,30,7,28,2018
29/07/2018,30,7,29,2018
30/07/2018,31,7,30,2018
31/07/2018,31,7,31,2018
01/08/2018,31,8,1,2018
02/08/2018,31,8,2,2018
03/08/2018,31,8,3,2018
04/08/2018,31,8,4,2018
05/08/2018,31,8,5,2018
06/08/2018,32,8,6,2018
07/08/2018,32,8,7,2018
08/08/2018,32,8,8,2018
09/08/2018,32,8,9,2018
10/08/2018,32,8,10,2018
11/08/2018,32,8,11,2018
12/08/2018,32,8,12,2018
13/08/2018,33,8,13,2018
14/08/2018,33,8,14,2018
15/08/2018,33,8,15,2018
16/08/2018,33,8,16,2018
17/08/2018,33,8,17,2018
18/08/2018,33,8,18,2018
19/08/2018,33,8,19,2018
20/08/2018,34,8,20,2018
21/08/2018,34,8,21,2018
22/08/2018,34,8,22,2018
23/08/2018,34,8,23,2018
24/08/2018,34,8,24,2018
25/08/2018,34,8,25,2018
26/08/2018,34,8,26,2018
27/08/2018,35,8,27,2018
28/08/2018,35,8,28,2018
29/08/2018,35,8,29,2018
30/08/2018,35,8,30,2018
31/08/2018,35,8,31,2018
01/09/2018,35,9,1,2018
02/09/2018,35,9,2,2018
03/09/2018,36,9,3,2018
04/09/2018,36,9,4,2018
05/09/2018,36,9,5,2018
06/09/2018,36,9,6,2018
07/09/2018,36,9,7,2018
08/09/2018,36,9,8,2018
09/09/2018,36,9,9,2018
10/09/2018,37,9,10,2018
11/09/2018,37,9,11,2018
12/09/2018,37,9,12,2018
13/09/2018,37,9,13,2018
14/09/2018,37,9,14,2018
15/09/2018,37,9,15,2018
16/09/2018,37,9,16,2018
17/09/2018,38,9,17,2018
18/09/2018,38,9,18,2018
19/09/2018,38,9,19,2018
20/09/2018,38,9,20,2018
21/09/2018,38,9,21,2018
22/09/2018,38,9,22,2018
23/09/2018,38,9,23,2018
24/09/2018,39,9,24,2018
25/09/2018,39,9,25,2018
26/09/2018,39,9,26,2018
27/09/2018,39,9,27,2018
28/09/2018,39,9,28,2018
29/09/2018,39,9,29,2018
30/09/2018,39,9,30,2018
01/10/2018,40,10,1,2018
02/10/2018,40,10,2,2018
03/10/2018,40,10,3,2018
04/10/2018,40,10,4,2018
05/10/2018,40,10,5,2018
06/10/2018,40,10,6,2018
07/10/2018,40,10,7,2018
08/10/2018,41,10,8,2018
09/10/2018,41,10,9,2018
10/10/2018,41,10,10,2018
11/10/2018,41,10,11,2018
12/10/2018,41,10,12,2018
13/10/2018,41,10,13,2018
14/10/2018,41,10,14,2018
15/10/2018,42,10,15,2018
16/10/2018,42,10,16,2018
17/10/2018,42,10,17,2018
18/10/2018,42,10,18,2018
19/10/2018,42,10,19,2018
20/10/2018,42,10,20,2018
21/10/2018,42,10,21,2018
22/10/2018,43,10,22,2018
23/10/2018,43,10,23,2018
24/10/2018,43,10,24,2018
25/10/2018,43,10,25,2018
26/10/2018,43,10,26,2018
27/10/2018,43,10,27,2018
28/10/2018,43,10,28,2018
29/10/2018,44,10,29,2018
30/10/2018,44,10,30,2018
31/10/2018,44,10,31,2018
01/11/2018,44,11,1,2018
02/11/2018,44,11,2,2018
03/11/2018,44,11,3,2018
04/11/2018,44,11,4,2018
05/11/2018,45,11,5,2018
06/11/2018,45,11,6,2018
07/11/2018,45,11,7,2018
08/11/2018,45,11,8,2018
09/11/2018,45,11,9,2018
10/11/2018,45,11,10,2018
11/11/2018,45,11,11,2018
12/11/2018,46,11,12,2018
13/11/2018,46,11,13,2018
14/11/2018,46,11,14,2018
15/11/2018,46,11,15,2018
16/11/2018,46,11,16,2018
17/11/2018,46,11,17,2018
18/11/2018,46,11,18,2018
19/11/2018,47,11,19,2018
20/11/2018,47,11,20,2018
21/11/2018,47,11,21,2018
22/11/2018,47,11,22,2018
23/11/2018,47,11,23,2018
24/11/2018,47,11,24,2018
25/11/2018,47,11,25,2018
26/11/2018,48,11,26,2018
27/11/2018,48,11,27,2018
28/11/2018,48,11,28,2018
29/11/2018,48,11,29,2018
30/11/2018,48,11,30,2018
01/12/2018,48,12,1,2018
02/12/2018,48,12,2,2018
03/12/2018,49,12,3,2018
04/12/2018,49,12,4,2018
05/12/2018,49,12,5,2018
06/12/2018,49,12,6,2018
07/12/2018,49,12,7,2018
08/12/2018,49,12,8,2018
09/12/2018,49,12,9,2018
10/12/2018,50,12,10,2018
11/12/2018,50,12,11,2018
12/12/2018,50,12,12,2018
13/12/2018,50,12,13,2018
14/12/2018,50,12,14,2018
15/12/2018,50,12,15,2018
16/12/2018,50,12,16,2018
17/12/2018,51,12,17,2018
18/12/2018,51,12,18,2018
19/12/2018,51,12,19,2018
20/12/2018,51,12,20,2018
21/12/2018,51,12,21,2018
22/12/2018,51,12,22,2018
23/12/2018,51,12,23,2018
24/12/2018,52,12,24,2018
25/12/2018,52,12,25,2018
26/12/2018,52,12,26,2018
27/12/2018,52,12,27,2018
28/12/2018,52,12,28,2018
29/12/2018,52,12,29,2018
30/12/2018,52,12,30,2018
31/12/2018,1,12,31,2018
01/01/2019,1,1,1,2019
02/01/2019,1,1,2,2019
03/01/2019,1,1,3,2019
04/01/2019,1,1,4,2019
05/01/2019,1,1,5,2019
06/01/2019,1,1,6,2019
07/01/2019,2,1,7,2019
08/01/2019,2,1,8,2019
09/01/2019,2,1,9,2019
10/01/2019,2,1,10,2019
11/01/2019,2,1,11,2019
12/01/2019,2,1,12,2019
13/01/2019,2,1,13,2019
14/01/2019,3,1,14,2019
15/01/2019,3,1,15,2019
16/01/2019,3,1,16,2019
17/01/2019,3,1,17,2019
18/01/2019,3,1,18,2019
19/01/2019,3,1,19,2019
20/01/2019,3,1,20,2019
21/01/2019,4,1,21,2019
22/01/2019,4,1,22,2019
23/01/2019,4,1,23,2019
24/01/2019,4,1,24,2019
25/01/2019,4,1,25,2019
26/01/2019,4,1,26,2019
27/01/2019,4,1,27,2019
28/01/2019,5,1,28,2019
29/01/2019,5,1,29,2019
30/01/2019,5,1,30,2019
31/01/2019,5,1,31,2019
01/02/2019,5,2,1,2019
02/02/2019,5,2,2,2019
03/02/2019,5,2,3,2019
04/02/2019,6,2,4,2019
05/02/2019,6,2,5,2019
06/02/2019,6,2,6,2019
07/02/2019,6,2,7,2019
08/02/2019,6,2,8,2019
09/02/2019,6,2,9,2019
10/02/2019,6,2,10,2019
11/02/2019,7,2,11,2019
12/02/2019,7,2,12,2019
13/02/2019,7,2,13,2019
14/02/2019,7,2,14,2019
15/02/2019,7,2,15,2019
16/02/2019,7,2,16,2019
17/02/2019,7,2,17,2019
18/02/2019,8,2,18,2019
19/02/2019,8,2,19,2019
20/02/2019,8,2,20,2019
21/02/2019,8,2,21,2019
22/02/2019,8,2,22,2019
23/02/2019,8,2,23,2019
24/02/2019,8,2,24,2019
25/02/2019,9,2,25,2019
26/02/2019,9,2,26,2019
27/02/2019,9,2,27,2019
28/02/2019,9,2,28,2019
01/03/2019,9,3,1,2019
02/03/2019,9,3,2,2019
03/03/2019,9,3,3,2019
04/03/2019,10,3,4,2019
05/03/2019,10,3,5,2019
06/03/2019,10,3,6,2019
07/03/2019,10,3,7,2019
08/03/2019,10,3,8,2019
09/03/2019,10,3,9,2019
10/03/2019,10,3,10,2019
11/03/2019,11,3,11,2019
12/03/2019,11,3,12,2019
13/03/2019,11,3,13,2019
14/03/2019,11,3,14,2019
15/03/2019,11,3,15,2019
16/03/2019,11,3,16,2019
17/03/2019,11,3,17,2019
18/03/2019,12,3,18,2019
19/03/2019,12,3,19,2019
20/03/2019,12,3,20,2019
21/03/2019,12,3,21,2019
22/03/2019,12,3,22,2019
23/03/2019,12,3,23,2019
24/03/2019,12,3,24,2019
25/03/2019,13,3,25,2019
26/03/2019,13,3,26,2019
27/03/2019,13,3,27,2019
28/03/2019,13,3,28,2019
29/03/2019,13,3,29,2019
30/03/2019,13,3,30,2019
31/03/2019,13,3,31,2019
01/04/2019,14,4,1,2019
02/04/2019,14,4,2,2019
03/04/2019,14,4,3,2019
04/04/2019,14,4,4,2019
05/04/2019,14,4,5,2019
06/04/2019,14,4,6,2019
07/04/2019,14,4,7,2019
08/04/2019,15,4,8,2019
09/04/2019,15,4,9,2019
10/04/2019,15,4,10,2019
11/04/2019,15,4,11,2019
12/04/2019,15,4,12,2019
13/04/2019,15,4,13,2019
14/04/2019,15,4,14,2019
15/04/2019,16,4,15,2019
16/04/2019,16,4,16,2019
17/04/2019,16,4,17,2019
18/04/2019,16,4,18,2019
19/04/2019,16,4,19,2019
20/04/2019,16,4,20,2019
21/04/2019,16,4,21,2019
22/04/2019,17,4,22,2019
23/04/2019,17,4,23,2019
24/04/2019,17,4,24,2019
25/04/2019,17,4,25,2019
26/04/2019,17,4,26,2019
27/04/2019,17,4,27,2019
28/04/2019,17,4,28,2019
29/04/2019,18,4,29,2019
30/04/2019,18,4,30,2019
01/05/2019,18,5,1,2019
02/05/2019,18,5,2,2019
03/05/2019,18,5,3,2019
04/05/2019,18,5,4,2019
05/05/2019,18,5,5,2019
06/05/2019,19,5,6,2019
07/05/2019,19,5,7,2019
08/05/2019,19,5,8,2019
09/05/2019,19,5,9,2019
10/05/2019,19,5,10,2019
11/05/2019,19,5,11,2019
12/05/2019,19,5,12,2019
13/05/2019,20,5,13,2019
14/05/2019,20,5,14,2019
15/05/2019,20,5,15,2019
16/05/2019,20,5,16,2019
17/05/2019,20,5,17,2019
18/05/2019,20,5,18,2019
19/05/2019,20,5,19,2019
20/05/2019,21,5,20,2019
21/05/2019,21,5,21,2019
22/05/2019,21,5,22,2019
23/05/2019,21,5,23,2019
24/05/2019,21,5,24,2019
25/05/2019,21,5,25,2019
26/05/2019,21,5,26,2019
27/05/2019,22,5,27,2019
28/05/2019,22,5,28,2019
29/05/2019,22,5,29,2019
30/05/2019,22,5,30,2019
31/05/2019,22,5,31,2019
01/06/2019,22,6,1,2019
02/06/2019,22,6,2,2019
03/06/2019,23,6,3,2019
04/06/2019,23,6,4,2019
05/06/2019,23,6,5,2019
06/06/2019,23,6,6,2019
07/06/2019,23,6,7,2019
08/06/2019,23,6,8,2019
09/06/2019,23,6,9,2019
10/06/2019,24,6,10,2019
11/06/2019,24,6,11,2019
12/06/2019,24,6,12,2019
13/06/2019,24,6,13,2019
14/06/2019,24,6,14,2019
15/06/2019,24,6,15,2019
16/06/2019,24,6,16,2019
17/06/2019,25,6,17,2019
18/06/2019,25,6,18,2019
19/06/2019,25,6,19,2019
20/06/2019,25,6,20,2019
21/06/2019,25,6,21,2019
22/06/2019,25,6,22,2019
23/06/2019,25,6,23,2019
24/06/2019,26,6,24,2019
25/06/2019,26,6,25,2019
26/06/2019,26,6,26,2019
27/06/2019,26,6,27,2019
28/06/2019,26,6,28,2019
29/06/2019,26,6,29,2019
30/06/2019,26,6,30,2019
01/07/2019,27,7,1,2019
02/07/2019,27,7,2,2019
03/07/2019,27,7,3,2019
04/07/2019,27,7,4,2019
05/07/2019,27,7,5,2019
06/07/2019,27,7,6,2019
07/07/2019,27,7,7,2019
08/07/2019,28,7,8,2019
09/07/2019,28,7,9,2019
10/07/2019,28,7,10,2019
11/07/2019,28,7,11,2019
12/07/2019,28,7,12,2019
13/07/2019,28,7,13,2019
14/07/2019,28,7,14,2019
15/07/2019,29,7,15,2019
16/07/2019,29,7,16,2019
17/07/2019,29,7,17,2019
18/07/2019,29,7,18,2019
19/07/2019,29,7,19,2019
20/07/2019,29,7,20,2019
21/07/2019,29,7,21,2019
22/07/2019,30,7,22,2019
23/07/2019,30,7,23,2019
24/07/2019,30,7,24,2019
25/07/2019,30,7,25,2019
26/07/2019,30,7,26,2019
27/07/2019,30,7,27,2019
28/07/2019,30,7,28,2019
29/07/2019,31,7,29,2019
30/07/2019,31,7,30,2019
31/07/2019,31,7,31,2019
01/08/2019,31,8,1,2019
02/08/2019,31,8,2,2019
03/08/2019,31,8,3,2019
04/08/2019,31,8,4,2019
05/08/2019,32,8,5,2019
06/08/2019,32,8,6,2019
07/08/2019,32,8,7,2019
08/08/2019,32,8,8,2019
09/08/2019,32,8,9,2019
10/08/2019,32,8,10,2019
11/08/2019,32,8,11,2019
12/08/2019,33,8,12,2019
13/08/2019,33,8,13,2019
14/08/2019,33,8,14,2019
15/08/2019,33,8,15,2019
16/08/2019,33,8,16,2019
17/08/2019,33,8,17,2019
18/08/2019,33,8,18,2019
19/08/2019,34,8,19,2019
20/08/2019,34,8,20,2019
21/08/2019,34,8,21,2019
22/08/2019,34,8,22,2019
23/08/2019,34,8,23,2019
24/08/2019,34,8,24,2019
25/08/2019,34,8,25,2019
26/08/2019,35,8,26,2019
27/08/2019,35,8,27,2019
28/08/2019,35,8,28,2019
29/08/2019,35,8,29,2019
30/08/2019,35,8,30,2019
31/08/2019,35,8,31,2019
01/09/2019,35,9,1,2019
02/09/2019,36,9,2,2019
03/09/2019,36,9,3,2019
04/09/2019,36,9,4,2019
05/09/2019,36,9,5,2019
06/09/2019,36,9,6,2019
07/09/2019,36,9,7,2019
08/09/2019,36,9,8,2019
09/09/2019,37,9,9,2019
10/09/2019,37,9,10,2019
11/09/2019,37,9,11,2019
12/09/2019,37,9,12,2019
13/09/2019,37,9,13,2019
14/09/2019,37,9,14,2019
15/09/2019,37,9,15,2019
16/09/2019,38,9,16,2019
17/09/2019,38,9,17,2019
18/09/2019,38,9,18,2019
19/09/2019,38,9,19,2019
20/09/2019,38,9,20,2019
21/09/2019,38,9,21,2019
22/09/2019,38,9,22,2019
23/09/2019,39,9,23,2019
24/09/2019,39,9,24,2019
25/09/2019,39,9,25,2019
26/09/2019,39,9,26,2019
27/09/2019,39,9,27,2019
28/09/2019,39,9,28,2019
29/09/2019,39,9,29,2019
30/09/2019,40,9,30,2019
01/10/2019,40,10,1,2019
02/10/2019,40,10,2,2019
03/10/2019,40,10,3,2019
04/10/2019,40,10,4,2019
05/10/2019,40,10,5,2019
06/10/2019,40,10,6,2019
07/10/2019,41,10,7,2019
08/10/2019,41,10,8,2019
09/10/2019,41,10,9,2019
10/10/2019,41,10,10,2019
11/10/2019,41,10,11,2019
12/10/2019,41,10,12,2019
13/10/2019,41,10,13,2019
14/10/2019,42,10,14,2019
15/10/2019,42,10,15,2019
16/10/2019,42,10,16,2019
17/10/2019,42,10,17,2019
18/10/2019,42,10,18,2019
19/10/2019,42,10,19,2019
20/10/2019,42,10,20,2019
21/10/2019,43,10,21,2019
22/10/2019,43,10,22,2019
23/10/2019,43,10,23,2019
24/10/2019,43,10,24,2019
25/10/2019,43,10,25,2019
26/10/2019,43,10,26,2019
27/10/2019,43,10,27,2019
28/10/2019,44,10,28,2019
29/10/2019,44,10,29,2019
30/10/2019,44,10,30,2019
31/10/2019,44,10,31,2019
01/11/2019,44,11,1,2019
02/11/2019,44,11,2,2019
03/11/2019,44,11,3,2019
04/11/2019,45,11,4,2019
05/11/2019,45,11,5,2019
06/11/2019,45,11,6,2019
07/11/2019,45,11,7,2019
08/11/2019,45,11,8,2019
09/11/2019,45,11,9,2019
10/11/2019,45,11,10,2019
11/11/2019,46,11,11,2019
12/11/2019,46,11,12,2019
13/11/2019,46,11,13,2019
14/11/2019,46,11,14,2019
15/11/2019,46,11,15,2019
16/11/2019,46,11,16,2019
17/11/2019,46,11,17,2019
18/11/2019,47,11,18,2019
19/11/2019,47,11,19,2019
20/11/2019,47,11,20,2019
21/11/2019,47,11,21,2019
22/11/2019,47,11,22,2019
23/11/2019,47,11,23,2019
24/11/2019,47,11,24,2019
25/11/2019,48,11,25,2019
26/11/2019,48,11,26,2019
27/11/2019,48,11,27,2019
28/11/2019,48,11,28,2019
29/11/2019,48,11,29,2019
30/11/2019,48,11,30,2019
01/12/2019,48,12,1,2019
02/12/2019,49,12,2,2019
03/12/2019,49,12,3,2019
04/12/2019,49,12,4,2019
05/12/2019,49,12,5,2019
06/12/2019,49,12,6,2019
07/12/2019,49,12,7,2019
08/12/2019,49,12,8,2019
09/12/2019,50,12,9,2019
10/12/2019,50,12,10,2019
11/12/2019,50,12,11,2019
12/12/2019,50,12,12,2019
13/12/2019,50,12,13,2019
14/12/2019,50,12,14,2019
15/12/2019,50,12,15,2019
16/12/2019,51,12,16,2019
17/12/2019,51,12,17,2019
18/12/2019,51,12,18,2019
19/12/2019,51,12,19,2019
20/12/2019,51,12,20,2019
21/12/2019,51,12,21,2019
22/12/2019,51,12,22,2019
23/12/2019,52,12,23,2019
24/12/2019,52,12,24,2019
25/12/2019,52,12,25,2019
26/12/2019,52,12,26,2019
27/12/2019,52,12,27,2019
28/12/2019,52,12,28,2019
29/12/2019,52,12,29,2019
30/12/2019,1,12,30,2019
31/12/2019,1,12,31,2019
01/01/2020,1,1,1,2020
02/01/2020,1,1,2,2020
03/01/2020,1,1,3,2020
04/01/2020,1,1,4,2020
05/01/2020,1,1,5,2020
06/01/2020,2,1,6,2020
07/01/2020,2,1,7,2020
08/01/2020,2,1,8,2020
09/01/2020,2,1,9,2020
10/01/2020,2,1,10,2020
11/01/2020,2,1,11,2020
12/01/2020,2,1,12,2020
13/01/2020,3,1,13,2020
14/01/2020,3,1,14,2020
15/01/2020,3,1,15,2020
16/01/2020,3,1,16,2020
17/01/2020,3,1,17,2020
18/01/2020,3,1,18,2020
19/01/2020,3,1,19,2020
20/01/2020,4,1,20,2020
21/01/2020,4,1,21,2020
22/01/2020,4,1,22,2020
23/01/2020,4,1,23,2020
24/01/2020,4,1,24,2020
25/01/2020,4,1,25,2020
26/01/2020,4,1,26,2020
27/01/2020,5,1,27,2020
28/01/2020,5,1,28,2020
29/01/2020,5,1,29,2020
30/01/2020,5,1,30,2020
31/01/2020,5,1,31,2020
01/02/2020,5,2,1,2020
02/02/2020,5,2,2,2020
03/02/2020,6,2,3,2020
04/02/2020,6,2,4,2020
05/02/2020,6,2,5,2020
06/02/2020,6,2,6,2020
07/02/2020,6,2,7,2020
08/02/2020,6,2,8,2020
09/02/2020,6,2,9,2020
10/02/2020,7,2,10,2020
11/02/2020,7,2,11,2020
12/02/2020,7,2,12,2020
13/02/2020,7,2,13,2020
14/02/2020,7,2,14,2020
15/02/2020,7,2,15,2020
16/02/2020,7,2,16,2020
17/02/2020,8,2,17,2020
18/02/2020,8,2,18,2020
19/02/2020,8,2,19,2020
20/02/2020,8,2,20,2020
21/02/2020,8,2,21,2020
22/02/2020,8,2,22,2020
23/02/2020,8,2,23,2020
24/02/2020,9,2,24,2020
25/02/2020,9,2,25,2020
26/02/2020,9,2,26,2020
27/02/2020,9,2,27,2020
28/02/2020,9,2,28,2020
29/02/2020,9,2,29,2020
01/03/2020,9,3,1,2020
02/03/2020,10,3,2,2020
03/03/2020,10,3,3,2020
04/03/2020,10,3,4,2020
05/03/2020,10,3,5,2020
06/03/2020,10,3,6,2020
07/03/2020,10,3,7,2020
08/03/2020,10,3,8,2020
09/03/2020,11,3,9,2020
10/03/2020,11,3,10,2020
11/03/2020,11,3,11,2020
12/03/2020,11,3,12,2020
13/03/2020,11,3,13,2020
14/03/2020,11,3,14,2020
15/03/2020,11,3,15,2020
16/03/2020,12,3,16,2020
17/03/2020,12,3,17,2020
18/03/2020,12,3,18,2020
19/03/2020,12,3,19,2020
20/03/2020,12,3,20,2020
21/03/2020,12,3,21,2020
22/03/2020,12,3,22,2020
23/03/2020,13,3,23,2020
24/03/2020,13,3,24,2020
25/03/2020,13,3,25,2020
26/03/2020,13,3,26,2020
27/03/2020,13,3,27,2020
28/03/2020,13,3,28,2020
29/03/2020,13,3,29,2020
30/03/2020,14,3,30,2020
31/03/2020,14,3,31,2020
01/04/2020,14,4,1,2020
02/04/2020,14,4,2,2020
03/04/2020,14,4,3,2020
04/04/2020,14,4,4,2020
05/04/2020,14,4,5,2020
06/04/2020,15,4,6,2020
07/04/2020,15,4,7,2020
08/04/2020,15,4,8,2020
09/04/2020,15,4,9,2020
10/04/2020,15,4,10,2020
11/04/2020,15,4,11,2020
12/04/2020,15,4,12,2020
13/04/2020,16,4,13,2020
14/04/2020,16,4,14,2020
15/04/2020,16,4,15,2020
16/04/2020,16,4,16,2020
17/04/2020,16,4,17,2020
18/04/2020,16,4,18,2020
19/04/2020,16,4,19,2020
20/04/2020,17,4,20,2020
21/04/2020,17,4,21,2020
22/04/2020,17,4,22,2020
23/04/2020,17,4,23,2020
24/04/2020,17,4,24,2020
25/04/2020,17,4,25,2020
26/04/2020,17,4,26,2020
27/04/2020,18,4,27,2020
28/04/2020,18,4,28,2020
29/04/2020,18,4,29,2020
30/04/2020,18,4,30,2020
01/05/2020,18,5,1,2020
02/05/2020,18,5,2,2020
03/05/2020,18,5,3,2020
04/05/2020,19,5,4,2020
05/05/2020,19,5,5,2020
06/05/2020,19,5,6,2020
07/05/2020,19,5,7,2020
08/05/2020,19,5,8,2020
09/05/2020,19,5,9,2020
10/05/2020,19,5,10,2020
11/05/2020,20,5,11,2020
12/05/2020,20,5,12,2020
13/05/2020,20,5,13,2020
14/05/2020,20,5,14,2020
15/05/2020,20,5,15,2020
16/05/2020,20,5,16,2020
17/05/2020,20,5,17,2020
18/05/2020,21,5,18,2020
19/05/2020,21,5,19,2020
20/05/2020,21,5,20,2020
21/05/2020,21,5,21,2020
22/05/2020,21,5,22,2020
23/05/2020,21,5,23,2020
24/05/2020,21,5,24,2020
25/05/2020,22,5,25,2020
26/05/2020,22,5,26,2020
27/05/2020,22,5,27,2020
28/05/2020,22,5,28,2020
29/05/2020,22,5,29,2020
30/05/2020,22,5,30,2020
31/05/2020,22,5,31,2020
01/06/2020,23,6,1,2020
02/06/2020,23,6,2,2020
03/06/2020,23,6,3,2020
04/06/2020,23,6,4,2020
05/06/2020,23,6,5,2020
06/06/2020,23,6,6,2020
07/06/2020,23,6,7,2020
08/06/2020,24,6,8,2020
09/06/2020,24,6,9,2020
10/06/2020,24,6,10,2020
11/06/2020,24,6,11,2020
12/06/2020,24,6,12,2020
13/06/2020,24,6,13,2020
14/06/2020,24,6,14,2020
15/06/2020,25,6,15,2020
16/06/2020,25,6,16,2020
17/06/2020,25,6,17,2020
18/06/2020,25,6,18,2020
19/06/2020,25,6,19,2020
20/06/2020,25,6,20,2020
21/06/2020,25,6,21,2020
22/06/2020,26,6,22,2020
23/06/2020,26,6,23,2020
24/06/2020,26,6,24,2020
25/06/2020,26,6,25,2020
26/06/2020,26,6,26,2020
27/06/2020,26,6,27,2020
28/06/2020,26,6,28,2020
29/06/2020,27,6,29,2020
30/06/2020,27,6,30,2020
01/07/2020,27,7,1,2020
02/07/2020,27,7,2,2020
03/07/2020,27,7,3,2020
04/07/2020,27,7,4,2020
05/07/2020,27,7,5,2020
06/07/2020,28,7,6,2020
07/07/2020,28,7,7,2020
08/07/2020,28,7,8,2020
09/07/2020,28,7,9,2020
10/07/2020,28,7,10,2020
11/07/2020,28,7,11,2020
12/07/2020,28,7,12,2020
13/07/2020,29,7,13,2020
14/07/2020,29,7,14,2020
15/07/2020,29,7,15,2020
16/07/2020,29,7,16,2020
17/07/2020,29,7,17,2020
18/07/2020,29,7,18,2020
19/07/2020,29,7,19,2020
20/07/2020,30,7,20,2020
21/07/2020,30,7,21,2020
22/07/2020,30,7,22,2020
23/07/2020,30,7,23,2020
24/07/2020,30,7,24,2020
25/07/2020,30,7,25,2020
26/07/2020,30,7,26,2020
27/07/2020,31,7,27,2020
28/07/2020,31,7,28,2020
29/07/2020,31,7,29,2020
30/07/2020,31,7,30,2020
31/07/2020,31,7,31,2020
01/08/2020,31,8,1,2020
02/08/2020,31,8,2,2020
03/08/2020,32,8,3,2020
04/08/2020,32,8,4,2020
05/08/2020,32,8,5,2020
06/08/2020,32,8,6,2020
07/08/2020,32,8,7,2020
08/08/2020,32,8,8,2020
09/08/2020,32,8,9,2020
10/08/2020,33,8,10,2020
11/08/2020,33,8,11,2020
12/08/2020,33,8,12,2020
13/08/2020,33,8,13,2020
14/08/2020,33,8,14,2020
15/08/2020,33,8,15,2020
16/08/2020,33,8,16,2020
17/08/2020,34,8,17,2020
18/08/2020,34,8,18,2020
19/08/2020,34,8,19,2020
20/08/2020,34,8,20,2020
21/08/2020,34,8,21,2020
22/08/2020,34,8,22,2020
23/08/2020,34,8,23,2020
24/08/2020,35,8,24,2020
25/08/2020,35,8,25,2020
26/08/2020,35,8,26,2020
27/08/2020,35,8,27,2020
28/08/2020,35,8,28,2020
29/08/2020,35,8,29,2020
30/08/2020,35,8,30,2020
31/08/2020,36,8,31,2020
01/09/2020,36,9,1,2020
02/09/2020,36,9,2,2020
03/09/2020,36,9,3,2020
04/09/2020,36,9,4,2020
05/09/2020,36,9,5,2020
06/09/2020,36,9,6,2020
07/09/2020,37,9,7,2020
08/09/2020,37,9,8,2020
09/09/2020,37,9,9,2020
10/09/2020,37,9,10,2020
11/09/2020,37,9,11,2020
12/09/2020,37,9,12,2020
13/09/2020,37,9,13,2020
14/09/2020,38,9,14,2020
15/09/2020,38,9,15,2020
16/09/2020,38,9,16,2020
17/09/2020,38,9,17,2020
18/09/2020,38,9,18,2020
19/09/2020,38,9,19,2020
20/09/2020,38,9,20,2020
21/09/2020,39,9,21,2020
22/09/2020,39,9,22,2020
23/09/2020,39,9,23,2020
24/09/2020,39,9,24,2020
25/09/2020,39,9,25,2020
26/09/2020,39,9,26,2020
27/09/2020,39,9,27,2020
28/09/2020,40,9,28,2020
29/09/2020,40,9,29,2020
30/09/2020,40,9,30,2020
01/10/2020,40,10,1,2020
02/10/2020,40,10,2,2020
03/10/2020,40,10,3,2020
04/10/2020,40,10,4,2020
05/10/2020,41,10,5,2020
06/10/2020,41,10,6,2020
07/10/2020,41,10,7,2020
08/10/2020,41,10,8,2020
09/10/2020,41,10,9,2020
10/10/2020,41,10,10,2020
11/10/2020,41,10,11,2020
12/10/2020,42,10,12,2020
13/10/2020,42,10,13,2020
14/10/2020,42,10,14,2020
15/10/2020,42,10,15,2020
16/10/2020,42,10,16,2020
17/10/2020,42,10,17,2020
18/10/2020,42,10,18,2020
19/10/2020,43,10,19,2020
20/10/2020,43,10,20,2020
21/10/2020,43,10,21,2020
22/10/2020,43,10,22,2020
23/10/2020,43,10,23,2020
24/10/2020,43,10,24,2020
25/10/2020,43,10,25,2020
26/10/2020,44,10,26,2020
27/10/2020,44,10,27,2020
28/10/2020,44,10,28,2020
29/10/2020,44,10,29,2020
30/10/2020,44,10,30,2020
31/10/2020,44,10,31,2020
01/11/2020,44,11,1,2020
02/11/2020,45,11,2,2020
03/11/2020,45,11,3,2020
04/11/2020,45,11,4,2020
05/11/2020,45,11,5,2020
06/11/2020,45,11,6,2020
07/11/2020,45,11,7,2020
08/11/2020,45,11,8,2020
09/11/2020,46,11,9,2020
10/11/2020,46,11,10,2020
11/11/2020,46,11,11,2020
12/11/2020,46,11,12,2020
13/11/2020,46,11,13,2020
14/11/2020,46,11,14,2020
15/11/2020,46,11,15,2020
16/11/2020,47,11,16,2020
17/11/2020,47,11,17,2020
18/11/2020,47,11,18,2020
19/11/2020,47,11,19,2020
20/11/2020,47,11,20,2020
21/11/2020,47,11,21,2020
22/11/2020,47,11,22,2020
23/11/2020,48,11,23,2020
24/11/2020,48,11,24,2020
25/11/2020,48,11,25,2020
26/11/2020,48,11,26,2020
27/11/2020,48,11,27,2020
28/11/2020,48,11,28,2020
29/11/2020,48,11,29,2020
30/11/2020,49,11,30,2020
01/12/2020,49,12,1,2020
02/12/2020,49,12,2,2020
03/12/2020,49,12,3,2020
04/12/2020,49,12,4,2020
05/12/2020,49,12,5,2020
06/12/2020,49,12,6,2020
07/12/2020,50,12,7,2020
08/12/2020,50,12,8,2020
09/12/2020,50,12,9,2020
10/12/2020,50,12,10,2020
11/12/2020,50,12,11,2020
12/12/2020,50,12,12,2020
13/12/2020,50,12,13,2020
14/12/2020,51,12,14,2020
15/12/2020,51,12,15,2020
16/12/2020,51,12,16,2020
17/12/2020,51,12,17,2020
18/12/2020,51,12,18,2020
19/12/2020,51,12,19,2020
20/12/2020,51,12,20,2020
21/12/2020,52,12,21,2020
22/12/2020,52,12,22,2020
23/12/2020,52,12,23,2020
24/12/2020,52,12,24,2020
25/12/2020,52,12,25,2020
26/12/2020,52,12,26,2020
27/12/2020,52,12,27,2020
28/12/2020,53,12,28,2020
29/12/2020,53,12,29,2020
30/12/2020,53,12,30,2020
31/12/2020,53,12,31,2020
01/01/2021,53,1,1,2021
02/01/2021,53,1,2,2021
03/01/2021,53,1,3,2021
04/01/2021,1,1,4,2021
05/01/2021,1,1,5,2021
06/01/2021,1,1,6,2021
07/01/2021,1,1,7,2021
08/01/2021,1,1,8,2021
09/01/2021,1,1,9,2021
10/01/2021,1,1,10,2021
11/01/2021,2,1,11,2021
12/01/2021,2,1,12,2021
13/01/2021,2,1,13,2021
14/01/2021,2,1,14,2021
15/01/2021,2,1,15,2021
16/01/2021,2,1,16,2021
17/01/2021,2,1,17,2021
18/01/2021,3,1,18,2021
19/01/2021,3,1,19,2021
20/01/2021,3,1,20,2021
21/01/2021,3,1,21,2021
22/01/2021,3,1,22,2021
23/01/2021,3,1,23,2021
24/01/2021,3,1,24,2021
25/01/2021,4,1,25,2021
26/01/2021,4,1,26,2021
27/01/2021,4,1,27,2021
28/01/2021,4,1,28,2021
29/01/2021,4,1,29,2021
30/01/2021,4,1,30,2021
31/01/2021,4,1,31,2021
01/02/2021,5,2,1,2021
02/02/2021,5,2,2,2021
03/02/2021,5,2,3,2021
04/02/2021,5,2,4,2021
05/02/2021,5,2,5,2021
06/02/2021,5,2,6,2021
07/02/2021,5,2,7,2021
08/02/2021,6,2,8,2021
09/02/2021,6,2,9,2021
10/02/2021,6,2,10,2021
11/02/2021,6,2,11,2021
12/02/2021,6,2,12,2021
13/02/2021,6,2,13,2021
14/02/2021,6,2,14,2021
15/02/2021,7,2,15,2021
16/02/2021,7,2,16,2021
17/02/2021,7,2,17,2021
18/02/2021,7,2,18,2021
19/02/2021,7,2,19,2021
20/02/2021,7,2,20,2021
21/02/2021,7,2,21,2021
22/02/2021,8,2,22,2021
23/02/2021,8,2,23,2021
24/02/2021,8,2,24,2021
25/02/2021,8,2,25,2021
26/02/2021,8,2,26,2021
27/02/2021,8,2,27,2021
28/02/2021,8,2,28,2021
01/03/2021,9,3,1,2021
02/03/2021,9,3,2,2021
03/03/2021,9,3,3,2021
04/03/2021,9,3,4,2021
05/03/2021,9,3,5,2021
06/03/2021,9,3,6,2021
07/03/2021,9,3,7,2021
08/03/2021,10,3,8,2021
09/03/2021,10,3,9,2021
10/03/2021,10,3,10,2021
11/03/2021,10,3,11,2021
12/03/2021,10,3,12,2021
13/03/2021,10,3,13,2021
14/03/2021,10,3,14,2021
15/03/2021,11,3,15,2021
16/03/2021,11,3,16,2021
17/03/2021,11,3,17,2021
18/03/2021,11,3,18,2021
19/03/2021,11,3,19,2021
20/03/2021,11,3,20,2021
21/03/2021,11,3,21,2021
22/03/2021,12,3,22,2021
23/03/2021,12,3,23,2021
24/03/2021,12,3,24,2021
25/03/2021,12,3,25,2021
26/03/2021,12,3,26,2021
27/03/2021,12,3,27,2021
28/03/2021,12,3,28,2021
29/03/2021,13,3,29,2021
30/03/2021,13,3,30,2021
31/03/2021,13,3,31,2021
01/04/2021,13,4,1,2021
02/04/2021,13,4,2,2021
03/04/2021,13,4,3,2021
04/04/2021,13,4,4,2021
05/04/2021,14,4,5,2021
06/04/2021,14,4,6,2021
07/04/2021,14,4,7,2021
08/04/2021,14,4,8,2021
09/04/2021,14,4,9,2021
10/04/2021,14,4,10,2021
11/04/2021,14,4,11,2021
12/04/2021,15,4,12,2021
13/04/2021,15,4,13,2021
14/04/2021,15,4,14,2021
15/04/2021,15,4,15,2021
16/04/2021,15,4,16,2021
17/04/2021,15,4,17,2021
18/04/2021,15,4,18,2021
19/04/2021,16,4,19,2021
20/04/2021,16,4,20,2021
21/04/2021,16,4,21,2021
22/04/2021,16,4,22,2021
23/04/2021,16,4,23,2021
24/04/2021,16,4,24,2021
25/04/2021,16,4,25,2021
26/04/2021,17,4,26,2021
27/04/2021,17,4,27,2021
28/04/2021,17,4,28,2021
29/04/2021,17,4,29,2021
30/04/2021,17,4,30,2021
01/05/2021,17,5,1,2021
02/05/2021,17,5,2,2021
03/05/2021,18,5,3,2021
04/05/2021,18,5,4,2021
05/05/2021,18,5,5,2021
06/05/2021,18,5,6,2021
07/05/2021,18,5,7,2021
08/05/2021,18,5,8,2021
09/05/2021,18,5,9,2021
10/05/2021,19,5,10,2021
11/05/2021,19,5,11,2021
12/05/2021,19,5,12,2021
13/05/2021,19,5,13,2021
14/05/2021,19,5,14,2021
15/05/2021,19,5,15,2021
16/05/2021,19,5,16,2021
17/05/2021,20,5,17,2021
18/05/2021,20,5,18,2021
19/05/2021,20,5,19,2021
20/05/2021,20,5,20,2021
21/05/2021,20,5,21,2021
22/05/2021,20,5,22,2021
23/05/2021,20,5,23,2021
24/05/2021,21,5,24,2021
25/05/2021,21,5,25,2021
26/05/2021,21,5,26,2021
27/05/2021,21,5,27,2021
28/05/2021,21,5,28,2021
29/05/2021,21,5,29,2021
30/05/2021,21,5,30,2021
31/05/2021,22,5,31,2021
01/06/2021,22,6,1,2021
02/06/2021,22,6,2,2021
03/06/2021,22,6,3,2021
04/06/2021,22,6,4,2021
05/06/2021,22,6,5,2021
06/06/2021,22,6,6,2021
07/06/2021,23,6,7,2021
08/06/2021,23,6,8,2021
09/06/2021,23,6,9,2021
10/06/2021,23,6,10,2021
11/06/2021,23,6,11,2021
12/06/2021,23,6,12,2021
13/06/2021,23,6,13,2021
14/06/2021,24,6,14,2021
15/06/2021,24,6,15,2021
16/06/2021,24,6,16,2021
17/06/2021,24,6,17,2021
18/06/2021,24,6,18,2021
19/06/2021,24,6,19,2021
20/06/2021,24,6,20,2021
21/06/2021,25,6,21,2021
22/06/2021,25,6,22,2021
23/06/2021,25,6,23,2021
24/06/2021,25,6,24,2021
25/06/2021,25,6,25,2021
26/06/2021,25,6,26,2021
27/06/2021,25,6,27,2021
28/06/2021,26,6,28,2021
29/06/2021,26,6,29,2021
30/06/2021,26,6,30,2021
01/07/2021,26,7,1,2021
02/07/2021,26,7,2,2021
03/07/2021,26,7,3,2021
04/07/2021,26,7,4,2021
05/07/2021,27,7,5,2021
06/07/2021,27,7,6,2021
07/07/2021,27,7,7,2021
08/07/2021,27,7,8,2021
09/07/2021,27,7,9,2021
10/07/2021,27,7,10,2021
11/07/2021,27,7,11,2021
12/07/2021,28,7,12,2021
13/07/2021,28,7,13,2021
14/07/2021,28,7,14,2021
15/07/2021,28,7,15,2021
16/07/2021,28,7,16,2021
17/07/2021,28,7,17,2021
18/07/2021,28,7,18,2021
19/07/2021,29,7,19,2021
20/07/2021,29,7,20,2021
21/07/2021,29,7,21,2021
22/07/2021,29,7,22,2021
23/07/2021,29,7,23,2021
24/07/2021,29,7,24,2021
25/07/2021,29,7,25,2021
26/07/2021,30,7,26,2021
27/07/2021,30,7,27,2021
28/07/2021,30,7,28,2021
29/07/2021,30,7,29,2021
30/07/2021,30,7,30,2021
31/07/2021,30,7,31,2021
01/08/2021,30,8,1,2021
02/08/2021,31,8,2,2021
03/08/2021,31,8,3,2021
04/08/2021,31,8,4,2021
05/08/2021,31,8,5,2021
06/08/2021,31,8,6,2021
07/08/2021,31,8,7,2021
08/08/2021,31,8,8,2021
09/08/2021,32,8,9,2021
10/08/2021,32,8,10,2021
11/08/2021,32,8,11,2021
12/08/2021,32,8,12,2021
13/08/2021,32,8,13,2021
14/08/2021,32,8,14,2021
15/08/2021,32,8,15,2021
16/08/2021,33,8,16,2021
17/08/2021,33,8,17,2021
18/08/2021,33,8,18,2021
19/08/2021,33,8,19,2021
20/08/2021,33,8,20,2021
21/08/2021,33,8,21,2021
22/08/2021,33,8,22,2021
23/08/2021,34,8,23,2021
24/08/2021,34,8,24,2021
25/08/2021,34,8,25,2021
26/08/2021,34,8,26,2021
27/08/2021,34,8,27,2021
28/08/2021,34,8,28,2021
29/08/2021,34,8,29,2021
30/08/2021,35,8,30,2021
31/08/2021,35,8,31,2021
01/09/2021,35,9,1,2021
02/09/2021,35,9,2,2021
03/09/2021,35,9,3,2021
04/09/2021,35,9,4,2021
05/09/2021,35,9,5,2021
06/09/2021,36,9,6,2021
07/09/2021,36,9,7,2021
08/09/2021,36,9,8,2021
09/09/2021,36,9,9,2021
10/09/2021,36,9,10,2021
11/09/2021,36,9,11,2021
12/09/2021,36,9,12,2021
13/09/2021,37,9,13,2021
14/09/2021,37,9,14,2021
15/09/2021,37,9,15,2021
16/09/2021,37,9,16,2021
17/09/2021,37,9,17,2021
18/09/2021,37,9,18,2021
19/09/2021,37,9,19,2021
20/09/2021,38,9,20,2021
21/09/2021,38,9,21,2021
22/09/2021,38,9,22,2021
23/09/2021,38,9,23,2021
24/09/2021,38,9,24,2021
25/09/2021,38,9,25,2021
26/09/2021,38,9,26,2021
27/09/2021,39,9,27,2021
28/09/2021,39,9,28,2021
29/09/2021,39,9,29,2021
30/09/2021,39,9,30,2021
01/10/2021,39,10,1,2021
02/10/2021,39,10,2,2021
03/10/2021,39,10,3,2021
04/10/2021,40,10,4,2021
05/10/2021,40,10,5,2021
06/10/2021,40,10,6,2021
07/10/2021,40,10,7,2021
08/10/2021,40,10,8,2021
09/10/2021,40,10,9,2021
10/10/2021,40,10,10,2021
11/10/2021,41,10,11,2021
12/10/2021,41,10,12,2021
13/10/2021,41,10,13,2021
14/10/2021,41,10,14,2021
15/10/2021,41,10,15,2021
16/10/2021,41,10,16,2021
17/10/2021,41,10,17,2021
18/10/2021,42,10,18,2021
19/10/2021,42,10,19,2021
20/10/2021,42,10,20,2021
21/10/2021,42,10,21,2021
22/10/2021,42,10,22,2021
23/10/2021,42,10,23,2021
24/10/2021,42,10,24,2021
25/10/2021,43,10,25,2021
26/10/2021,43,10,26,2021
27/10/2021,43,10,27,2021
28/10/2021,43,10,28,2021
29/10/2021,43,10,29,2021
30/10/2021,43,10,30,2021
31/10/2021,43,10,31,2021
01/11/2021,44,11,1,2021
02/11/2021,44,11,2,2021
03/11/2021,44,11,3,2021
04/11/2021,44,11,4,2021
05/11/2021,44,11,5,2021
06/11/2021,44,11,6,2021
07/11/2021,44,11,7,2021
08/11/2021,45,11,8,2021
09/11/2021,45,11,9,2021
10/11/2021,45,11,10,2021
11/11/2021,45,11,11,2021
12/11/2021,45,11,12,2021
13/11/2021,45,11,13,2021
14/11/2021,45,11,14,2021
15/11/2021,46,11,15,2021
16/11/2021,46,11,16,2021
17/11/2021,46,11,17,2021
18/11/2021,46,11,18,2021
19/11/2021,46,11,19,2021
20/11/2021,46,11,20,2021
21/11/2021,46,11,21,2021
22/11/2021,47,11,22,2021
23/11/2021,47,11,23,2021
24/11/2021,47,11,24,2021
25/11/2021,47,11,25,2021
26/11/2021,47,11,26,2021
27/11/2021,47,11,27,2021
28/11/2021,47,11,28,2021
29/11/2021,48,11,29,2021
30/11/2021,48,11,30,2021
01/12/2021,48,12,1,2021
02/12/2021,48,12,2,2021
03/12/2021,48,12,3,2021
04/12/2021,48,12,4,2021
05/12/2021,48,12,5,2021
06/12/2021,49,12,6,2021
07/12/2021,49,12,7,2021
08/12/2021,49,12,8,2021
09/12/2021,49,12,9,2021
10/12/2021,49,12,10,2021
11/12/2021,49,12,11,2021
12/12/2021,49,12,12,2021
13/12/2021,50,12,13,2021
14/12/2021,50,12,14,2021
15/12/2021,50,12,15,2021
16/12/2021,50,12,16,2021
17/12/2021,50,12,17,2021
18/12/2021,50,12,18,2021
19/12/2021,50,12,19,2021
20/12/2021,51,12,20,2021
21/12/2021,51,12,21,2021
22/12/2021,51,12,22,2021
23/12/2021,51,12,23,2021
24/12/2021,51,12,24,2021
25/12/2021,51,12,25,2021
26/12/2021,51,12,26,2021
27/12/2021,52,12,27,2021
28/12/2021,52,12,28,2021
29/12/2021,52,12,29,2021
30/12/2021,52,12,30,2021
31/12/2021,52,12,31,2021
01/01/2022,52,1,1,2022
02/01/2022,52,1,2,2022
03/01/2022,1,1,3,2022
04/01/2022,1,1,4,2022
05/01/2022,1,1,5,2022
06/01/2022,1,1,6,2022
07/01/2022,1,1,7,2022
08/01/2022,1,1,8,2022
09/01/2022,1,1,9,2022
10/01/2022,2,1,10,2022
11/01/2022,2,1,11,2022
12/01/2022,2,1,12,2022
13/01/2022,2,1,13,2022
14/01/2022,2,1,14,2022
15/01/2022,2,1,15,2022
16/01/2022,2,1,16,2022
17/01/2022,3,1,17,2022
18/01/2022,3,1,18,2022
19/01/2022,3,1,19,2022
20/01/2022,3,1,20,2022
21/01/2022,3,1,21,2022
22/01/2022,3,1,22,2022
23/01/2022,3,1,23,2022
24/01/2022,4,1,24,2022
25/01/2022,4,1,25,2022
26/01/2022,4,1,26,2022
27/01/2022,4,1,27,2022
28/01/2022,4,1,28,2022
29/01/2022,4,1,29,2022
30/01/2022,4,1,30,2022
31/01/2022,5,1,31,2022
01/02/2022,5,2,1,2022
02/02/2022,5,2,2,2022
03/02/2022,5,2,3,2022
04/02/2022,5,2,4,2022
05/02/2022,5,2,5,2022
06/02/2022,5,2,6,2022
07/02/2022,6,2,7,2022
08/02/2022,6,2,8,2022
09/02/2022,6,2,9,2022
10/02/2022,6,2,10,2022
11/02/2022,6,2,11,2022
12/02/2022,6,2,12,2022
13/02/2022,6,2,13,2022
14/02/2022,7,2,14,2022
15/02/2022,7,2,15,2022
16/02/2022,7,2,16,2022
17/02/2022,7,2,17,2022
18/02/2022,7,2,18,2022
19/02/2022,7,2,19,2022
20/02/2022,7,2,20,2022
21/02/2022,8,2,21,2022
22/02/2022,8,2,22,2022
23/02/2022,8,2,23,2022
24/02/2022,8,2,24,2022
25/02/2022,8,2,25,2022
26/02/2022,8,2,26,2022
27/02/2022,8,2,27,2022
28/02/2022,9,2,28,2022
01/03/2022,9,3,1,2022
02/03/2022,9,3,2,2022
03/03/2022,9,3,3,2022
04/03/2022,9,3,4,2022
05/03/2022,9,3,5,2022
06/03/2022,9,3,6,2022
07/03/2022,10,3,7,2022
08/03/2022,10,3,8,2022
09/03/2022,10,3,9,2022
10/03/2022,10,3,10,2022
11/03/2022,10,3,11,2022
12/03/2022,10,3,12,2022
13/03/2022,10,3,13,2022
14/03/2022,11,3,14,2022
15/03/2022,11,3,15,2022
16/03/2022,11,3,16,2022
17/03/2022,11,3,17,2022
18/03/2022,11,3,18,2022
19/03/2022,11,3,19,2022
20/03/2022,11,3,20,2022
21/03/2022,12,3,21,2022
22/03/2022,12,3,22,2022
23/03/2022,12,3,23,2022
24/03/2022,12,3,24,2022
25/03/2022,12,3,25,2022
26/03/2022,12,3,26,2022
27/03/2022,12,3,27,2022
28/03/2022,13,3,28,2022
29/03/2022,13,3,29,2022
30/03/2022,13,3,30,2022
31/03/2022,13,3,31,2022
01/04/2022,13,4,1,2022
02/04/2022,13,4,2,2022
03/04/2022,13,4,3,2022
04/04/2022,14,4,4,2022
05/04/2022,14,4,5,2022
06/04/2022,14,4,6,2022
07/04/2022,14,4,7,2022
08/04/2022,14,4,8,2022
09/04/2022,14,4,9,2022
10/04/2022,14,4,10,2022
11/04/2022,15,4,11,2022
12/04/2022,15,4,12,2022
13/04/2022,15,4,13,2022
14/04/2022,15,4,14,2022
15/04/2022,15,4,15,2022
16/04/2022,15,4,16,2022
17/04/2022,15,4,17,2022
18/04/2022,16,4,18,2022
19/04/2022,16,4,19,2022
20/04/2022,16,4,20,2022
21/04/2022,16,4,21,2022
22/04/2022,16,4,22,2022
23/04/2022,16,4,23,2022
24/04/2022,16,4,24,2022
25/04/2022,17,4,25,2022
26/04/2022,17,4,26,2022
27/04/2022,17,4,27,2022
28/04/2022,17,4,28,2022
29/04/2022,17,4,29,2022
30/04/2022,17,4,30,2022
01/05/2022,17,5,1,2022
02/05/2022,18,5,2,2022
03/05/2022,18,5,3,2022
04/05/2022,18,5,4,2022
05/05/2022,18,5,5,2022
06/05/2022,18,5,6,2022
07/05/2022,18,5,7,2022
08/05/2022,18,5,8,2022
09/05/2022,19,5,9,2022
10/05/2022,19,5,10,2022
11/05/2022,19,5,11,2022
12/05/2022,19,5,12,2022
13/05/2022,19,5,13,2022
14/05/2022,19,5,14,2022
15/05/2022,19,5,15,2022
16/05/2022,20,5,16,2022
17/05/2022,20,5,17,2022
18/05/2022,20,5,18,2022
19/05/2022,20,5,19,2022
20/05/2022,20,5,20,2022
21/05/2022,20,5,21,2022
22/05/2022,20,5,22,2022
23/05/2022,21,5,23,2022
24/05/2022,21,5,24,2022
25/05/2022,21,5,25,2022
26/05/2022,21,5,26,2022
27/05/2022,21,5,27,2022
28/05/2022,21,5,28,2022
29/05/2022,21,5,29,2022
30/05/2022,22,5,30,2022
31/05/2022,22,5,31,2022
01/06/2022,22,6,1,2022
02/06/2022,22,6,2,2022
03/06/2022,22,6,3,2022
04/06/2022,22,6,4,2022
05/06/2022,22,6,5,2022
06/06/2022,23,6,6,2022
07/06/2022,23,6,7,2022
08/06/2022,23,6,8,2022
09/06/2022,23,6,9,2022
10/06/2022,23,6,10,2022
11/06/2022,23,6,11,2022
12/06/2022,23,6,12,2022
13/06/2022,24,6,13,2022
14/06/2022,24,6,14,2022
15/06/2022,24,6,15,2022
16/06/2022,24,6,16,2022
17/06/2022,24,6,17,2022
18/06/2022,24,6,18,2022
19/06/2022,24,6,19,2022
20/06/2022,25,6,20,2022
21/06/2022,25,6,21,2022
22/06/2022,25,6,22,2022
23/06/2022,25,6,23,2022
24/06/2022,25,6,24,2022
25/06/2022,25,6,25,2022
26/06/2022,25,6,26,2022
27/06/2022,26,6,27,2022
28/06/2022,26,6,28,2022
29/06/2022,26,6,29,2022
30/06/2022,26,6,30,2022
01/07/2022,26,7,1,2022
02/07/2022,26,7,2,2022
03/07/2022,26,7,3,2022
04/07/2022,27,7,4,2022
05/07/2022,27,7,5,2022
06/07/2022,27,7,6,2022
07/07/2022,27,7,7,2022
08/07/2022,27,7,8,2022
09/07/2022,27,7,9,2022
10/07/2022,27,7,10,2022
11/07/2022,28,7,11,2022
12/07/2022,28,7,12,2022
13/07/2022,28,7,13,2022
14/07/2022,28,7,14,2022
15/07/2022,28,7,15,2022
16/07/2022,28,7,16,2022
17/07/2022,28,7,17,2022
18/07/2022,29,7,18,2022
19/07/2022,29,7,19,2022
20/07/2022,29,7,20,2022
21/07/2022,29,7,21,2022
22/07/2022,29,7,22,2022
23/07/2022,29,7,23,2022
24/07/2022,29,7,24,2022
25/07/2022,30,7,25,2022
26/07/2022,30,7,26,2022
27/07/2022,30,7,27,2022
28/07/2022,30,7,28,2022
29/07/2022,30,7,29,2022
30/07/2022,30,7,30,2022
31/07/2022,30,7,31,2022
01/08/2022,31,8,1,2022
02/08/2022,31,8,2,2022
03/08/2022,31,8,3,2022
04/08/2022,31,8,4,2022
05/08/2022,31,8,5,2022
06/08/2022,31,8,6,2022
07/08/2022,31,8,7,2022
08/08/2022,32,8,8,2022
09/08/2022,32,8,9,2022
10/08/2022,32,8,10,2022
11/08/2022,32,8,11,2022
12/08/2022,32,8,12,2022
13/08/2022,32,8,13,2022
14/08/2022,32,8,14,2022
15/08/2022,33,8,15,2022
16/08/2022,33,8,16,2022
17/08/2022,33,8,17,2022
18/08/2022,33,8,18,2022
19/08/2022,33,8,19,2022
20/08/2022,33,8,20,2022
21/08/2022,33,8,21,2022
22/08/2022,34,8,22,2022
23/08/2022,34,8,23,2022
24/08/2022,34,8,24,2022
25/08/2022,34,8,25,2022
26/08/2022,34,8,26,2022
27/08/2022,34,8,27,2022
28/08/2022,34,8,28,2022
29/08/2022,35,8,29,2022
30/08/2022,35,8,30,2022
31/08/2022,35,8,31,2022
01/09/2022,35,9,1,2022
02/09/2022,35,9,2,2022
03/09/2022,35,9,3,2022
04/09/2022,35,9,4,2022
05/09/2022,36,9,5,2022
06/09/2022,36,9,6,2022
07/09/2022,36,9,7,2022
08/09/2022,36,9,8,2022
09/09/2022,36,9,9,2022
10/09/2022,36,9,10,2022
11/09/2022,36,9,11,2022
12/09/2022,37,9,12,2022
13/09/2022,37,9,13,2022
14/09/2022,37,9,14,2022
15/09/2022,37,9,15,2022
16/09/2022,37,9,16,2022
17/09/2022,37,9,17,2022
18/09/2022,37,9,18,2022
19/09/2022,38,9,19,2022
20/09/2022,38,9,20,2022
21/09/2022,38,9,21,2022
22/09/2022,38,9,22,2022
23/09/2022,38,9,23,2022
24/09/2022,38,9,24,2022
25/09/2022,38,9,25,2022
26/09/2022,39,9,26,2022
27/09/2022,39,9,27,2022
28/09/2022,39,9,28,2022
29/09/2022,39,9,29,2022
30/09/2022,39,9,30,2022
01/10/2022,39,10,1,2022
02/10/2022,39,10,2,2022
03/10/2022,40,10,3,2022
04/10/2022,40,10,4,2022
05/10/2022,40,10,5,2022
06/10/2022,40,10,6,2022
07/10/2022,40,10,7,2022
08/10/2022,40,10,8,2022
09/10/2022,40,10,9,2022
10/10/2022,41,10,10,2022
11/10/2022,41,10,11,2022
12/10/2022,41,10,12,2022
13/10/2022,41,10,13,2022
14/10/2022,41,10,14,2022
15/10/2022,41,10,15,2022
16/10/2022,41,10,16,2022
17/10/2022,42,10,17,2022
18/10/2022,42,10,18,2022
19/10/2022,42,10,19,2022
20/10/2022,42,10,20,2022
21/10/2022,42,10,21,2022
22/10/2022,42,10,22,2022
23/10/2022,42,10,23,2022
24/10/2022,43,10,24,2022
25/10/2022,43,10,25,2022
26/10/2022,43,10,26,2022
27/10/2022,43,10,27,2022
28/10/2022,43,10,28,2022
29/10/2022,43,10,29,2022
30/10/2022,43,10,30,2022
31/10/2022,44,10,31,2022
01/11/2022,44,11,1,2022
02/11/2022,44,11,2,2022
03/11/2022,44,11,3,2022
04/11/2022,44,11,4,2022
05/11/2022,44,11,5,2022
06/11/2022,44,11,6,2022
07/11/2022,45,11,7,2022
08/11/2022,45,11,8,2022
09/11/2022,45,11,9,2022
10/11/2022,45,11,10,2022
11/11/2022,45,11,11,2022
12/11/2022,45,11,12,2022
13/11/2022,45,11,13,2022
14/11/2022,46,11,14,2022
15/11/2022,46,11,15,2022
16/11/2022,46,11,16,2022
17/11/2022,46,11,17,2022
18/11/2022,46,11,18,2022
19/11/2022,46,11,19,2022
20/11/2022,46,11,20,2022
21/11/2022,47,11,21,2022
22/11/2022,47,11,22,2022
23/11/2022,47,11,23,2022
24/11/2022,47,11,24,2022
25/11/2022,47,11,25,2022
26/11/2022,47,11,26,2022
27/11/2022,47,11,27,2022
28/11/2022,48,11,28,2022
29/11/2022,48,11,29,2022
30/11/2022,48,11,30,2022
01/12/2022,48,12,1,2022
02/12/2022,48,12,2,2022
03/12/2022,48,12,3,2022
04/12/2022,48,12,4,2022
05/12/2022,49,12,5,2022
06/12/2022,49,12,6,2022
07/12/2022,49,12,7,2022
08/12/2022,49,12,8,2022
09/12/2022,49,12,9,2022
10/12/2022,49,12,10,2022
11/12/2022,49,12,11,2022
12/12/2022,50,12,12,2022
13/12/2022,50,12,13,2022
14/12/2022,50,12,14,2022
15/12/2022,50,12,15,2022
16/12/2022,50,12,16,2022
17/12/2022,50,12,17,2022
18/12/2022,50,12,18,2022
19/12/2022,51,12,19,2022
20/12/2022,51,12,20,2022
21/12/2022,51,12,21,2022
22/12/2022,51,12,22,2022
23/12/2022,51,12,23,2022
24/12/2022,51,12,24,2022
25/12/2022,51,12,25,2022
26/12/2022,52,12,26,2022
27/12/2022,52,12,27,2022
28/12/2022,52,12,28,2022
29/12/2022,52,12,29,2022
30/12/2022,52,12,30,2022
31/12/2022,52,12,31,2022
01/01/2023,52,1,1,2023
02/01/2023,1,1,2,2023
03/01/2023,1,1,3,2023
04/01/2023,1,1,4,2023
05/01/2023,1,1,5,2023
06/01/2023,1,1,6,2023
07/01/2023,1,1,7,2023
08/01/2023,1,1,8,2023
09/01/2023,2,1,9,2023
10/01/2023,2,1,10,2023
11/01/2023,2,1,11,2023
12/01/2023,2,1,12,2023
13/01/2023,2,1,13,2023
14/01/2023,2,1,14,2023
15/01/2023,2,1,15,2023
16/01/2023,3,1,16,2023
17/01/2023,3,1,17,2023
18/01/2023,3,1,18,2023
19/01/2023,3,1,19,2023
20/01/2023,3,1,20,2023
21/01/2023,3,1,21,2023
22/01/2023,3,1,22,2023
23/01/2023,4,1,23,2023
24/01/2023,4,1,24,2023
25/01/2023,4,1,25,2023
26/01/2023,4,1,26,2023
27/01/2023,4,1,27,2023
28/01/2023,4,1,28,2023
29/01/2023,4,1,29,2023
30/01/2023,5,1,30,2023
31/01/2023,5,1,31,2023
01/02/2023,5,2,1,2023
02/02/2023,5,2,2,2023
03/02/2023,5,2,3,2023
04/02/2023,5,2,4,2023
05/02/2023,5,2,5,2023
06/02/2023,6,2,6,2023
07/02/2023,6,2,7,2023
08/02/2023,6,2,8,2023
09/02/2023,6,2,9,2023
10/02/2023,6,2,10,2023
11/02/2023,6,2,11,2023
12/02/2023,6,2,12,2023
13/02/2023,7,2,13,2023
14/02/2023,7,2,14,2023
15/02/2023,7,2,15,2023
16/02/2023,7,2,16,2023
17/02/2023,7,2,17,2023
18/02/2023,7,2,18,2023
19/02/2023,7,2,19,2023
20/02/2023,8,2,20,2023
21/02/2023,8,2,21,2023
22/02/2023,8,2,22,2023
23/02/2023,8,2,23,2023
24/02/2023,8,2,24,2023
25/02/2023,8,2,25,2023
26/02/2023,8,2,26,2023
27/02/2023,9,2,27,2023
28/02/2023,9,2,28,2023
01/03/2023,9,3,1,2023
02/03/2023,9,3,2,2023
03/03/2023,9,3,3,2023
04/03/2023,9,3,4,2023
05/03/2023,9,3,5,2023
06/03/2023,10,3,6,2023
07/03/2023,10,3,7,2023
08/03/2023,10,3,8,2023
09/03/2023,10,3,9,2023
10/03/2023,10,3,10,2023
11/03/2023,10,3,11,2023
12/03/2023,10,3,12,2023
13/03/2023,11,3,13,2023
14/03/2023,11,3,14,2023
15/03/2023,11,3,15,2023
16/03/2023,11,3,16,2023
17/03/2023,11,3,17,2023
18/03/2023,11,3,18,2023
19/03/2023,11,3,19,2023
20/03/2023,12,3,20,2023
21/03/2023,12,3,21,2023
22/03/2023,12,3,22,2023
23/03/2023,12,3,23,2023
24/03/2023,12,3,24,2023
25/03/2023,12,3,25,2023
26/03/2023,12,3,26,2023
27/03/2023,13,3,27,2023
28/03/2023,13,3,28,2023
29/03/2023,13,3,29,2023
30/03/2023,13,3,30,2023
31/03/2023,13,3,31,2023
01/04/2023,13,4,1,2023
02/04/2023,13,4,2,2023
03/04/2023,14,4,3,2023
04/04/2023,14,4,4,2023
05/04/2023,14,4,5,2023
06/04/2023,14,4,6,2023
07/04/2023,14,4,7,2023
08/04/2023,14,4,8,2023
09/04/2023,14,4,9,2023
10/04/2023,15,4,10,2023
11/04/2023,15,4,11,2023
12/04/2023,15,4,12,2023
13/04/2023,15,4,13,2023
14/04/2023,15,4,14,2023
15/04/2023,15,4,15,2023
16/04/2023,15,4,16,2023
17/04/2023,16,4,17,2023
18/04/2023,16,4,18,2023
19/04/2023,16,4,19,2023
20/04/2023,16,4,20,2023
21/04/2023,16,4,21,2023
22/04/2023,16,4,22,2023
23/04/2023,16,4,23,2023
24/04/2023,17,4,24,2023
25/04/2023,17,4,25,2023
26/04/2023,17,4,26,2023
27/04/2023,17,4,27,2023
28/04/2023,17,4,28,2023
29/04/2023,17,4,29,2023
30/04/2023,17,4,30,2023
01/05/2023,18,5,1,2023
02/05/2023,18,5,2,2023
03/05/2023,18,5,3,2023
04/05/2023,18,5,4,2023
05/05/2023,18,5,5,2023
06/05/2023,18,5,6,2023
07/05/2023,18,5,7,2023
08/05/2023,19,5,8,2023
09/05/2023,19,5,9,2023
10/05/2023,19,5,10,2023
11/05/2023,19,5,11,2023
12/05/2023,19,5,12,2023
13/05/2023,19,5,13,2023
14/05/2023,19,5,14,2023
15/05/2023,20,5,15,2023
16/05/2023,20,5,16,2023
17/05/2023,20,5,17,2023
18/05/2023,20,5,18,2023
19/05/2023,20,5,19,2023
20/05/2023,20,5,20,2023
21/05/2023,20,5,21,2023
22/05/2023,21,5,22,2023
23/05/2023,21,5,23,2023
24/05/2023,21,5,24,2023
25/05/2023,21,5,25,2023
26/05/2023,21,5,26,2023
27/05/2023,21,5,27,2023
28/05/2023,21,5,28,2023
29/05/2023,22,5,29,2023
30/05/2023,22,5,30,2023
31/05/2023,22,5,31,2023
01/06/2023,22,6,1,2023
02/06/2023,22,6,2,2023
03/06/2023,22,6,3,2023
04/06/2023,22,6,4,2023
05/06/2023,23,6,5,2023
06/06/2023,23,6,6,2023
07/06/2023,23,6,7,2023
08/06/2023,23,6,8,2023
09/06/2023,23,6,9,2023
10/06/2023,23,6,10,2023
11/06/2023,23,6,11,2023
12/06/2023,24,6,12,2023
13/06/2023,24,6,13,2023
14/06/2023,24,6,14,2023
15/06/2023,24,6,15,2023
16/06/2023,24,6,16,2023
17/06/2023,24,6,17,2023
18/06/2023,24,6,18,2023
19/06/2023,25,6,19,2023
20/06/2023,25,6,20,2023
21/06/2023,25,6,21,2023
22/06/2023,25,6,22,2023
23/06/2023,25,6,23,2023
24/06/2023,25,6,24,2023
25/06/2023,25,6,25,2023
26/06/2023,26,6,26,2023
27/06/2023,26,6,27,2023
28/06/2023,26,6,28,2023
29/06/2023,26,6,29,2023
30/06/2023,26,6,30,2023
01/07/2023,26,7,1,2023
02/07/2023,26,7,2,2023
03/07/2023,27,7,3,2023
04/07/2023,27,7,4,2023
05/07/2023,27,7,5,2023
06/07/2023,27,7,6,2023
07/07/2023,27,7,7,2023
08/07/2023,27,7,8,2023
09/07/2023,27,7,9,2023
10/07/2023,28,7,10,2023
11/07/2023,28,7,11,2023
12/07/2023,28,7,12,2023
13/07/2023,28,7,13,2023
14/07/2023,28,7,14,2023
15/07/2023,28,7,15,2023
16/07/2023,28,7,16,2023
17/07/2023,29,7,17,2023
18/07/2023,29,7,18,2023
19/07/2023,29,7,19,2023
20/07/2023,29,7,20,2023
21/07/2023,29,7,21,2023
22/07/2023,29,7,22,2023
23/07/2023,29,7,23,2023
24/07/2023,30,7,24,2023
25/07/2023,30,7,25,2023
26/07/2023,30,7,26,2023
27/07/2023,30,7,27,2023
28/07/2023,30,7,28,2023
29/07/2023,30,7,29,2023
30/07/2023,30,7,30,2023
31/07/2023,31,7,31,2023
01/08/2023,31,8,1,2023
02/08/2023,31,8,2,2023
03/08/2023,31,8,3,2023
04/08/2023,31,8,4,2023
05/08/2023,31,8,5,2023
06/08/2023,31,8,6,2023
07/08/2023,32,8,7,2023
08/08/2023,32,8,8,2023
09/08/2023,32,8,9,2023
10/08/2023,32,8,10,2023
11/08/2023,32,8,11,2023
12/08/2023,32,8,12,2023
13/08/2023,32,8,13,2023
14/08/2023,33,8,14,2023
15/08/2023,33,8,15,2023
16/08/2023,33,8,16,2023
17/08/2023,33,8,17,2023
18/08/2023,33,8,18,2023
19/08/2023,33,8,19,2023
20/08/2023,33,8,20,2023
21/08/2023,34,8,21,2023
22/08/2023,34,8,22,2023
23/08/2023,34,8,23,2023
24/08/2023,34,8,24,2023
25/08/2023,34,8,25,2023
26/08/2023,34,8,26,2023
27/08/2023,34,8,27,2023
28/08/2023,35,8,28,2023
29/08/2023,35,8,29,2023
30/08/2023,35,8,30,2023
31/08/2023,35,8,31,2023
01/09/2023,35,9,1,2023
02/09/2023,35,9,2,2023
03/09/2023,35,9,3,2023
04/09/2023,36,9,4,2023
05/09/2023,36,9,5,2023
06/09/2023,36,9,6,2023
07/09/2023,36,9,7,2023
08/09/2023,36,9,8,2023
09/09/2023,36,9,9,2023
10/09/2023,36,9,10,2023
11/09/2023,37,9,11,2023
12/09/2023,37,9,12,2023
13/09/2023,37,9,13,2023
14/09/2023,37,9,14,2023
15/09/2023,37,9,15,2023
16/09/2023,37,9,16,2023
17/09/2023,37,9,17,2023
18/09/2023,38,9,18,2023
19/09/2023,38,9,19,2023
20/09/2023,38,9,20,2023
21/09/2023,38,9,21,2023
22/09/2023,38,9,22,2023
23/09/2023,38,9,23,2023
24/09/2023,38,9,24,2023
25/09/2023,39,9,25,2023
26/09/2023,39,9,26,2023
27/09/2023,39,9,27,2023
28/09/2023,39,9,28,2023
29/09/2023,39,9,29,2023
30/09/2023,39,9,30,2023
01/10/2023,39,10,1,2023
02/10/2023,40,10,2,2023
03/10/2023,40,10,3,2023
04/10/2023,40,10,4,2023
05/10/2023,40,10,5,2023
06/10/2023,40,10,6,2023
07/10/2023,40,10,7,2023
08/10/2023,40,10,8,2023
09/10/2023,41,10,9,2023
10/10/2023,41,10,10,2023
11/10/2023,41,10,11,2023
12/10/2023,41,10,12,2023
13/10/2023,41,10,13,2023
14/10/2023,41,10,14,2023
15/10/2023,41,10,15,2023
16/10/2023,42,10,16,2023
17/10/2023,42,10,17,2023
18/10/2023,42,10,18,2023
19/10/2023,42,10,19,2023
20/10/2023,42,10,20,2023
21/10/2023,42,10,21,2023
22/10/2023,42,10,22,2023
23/10/2023,43,10,23,2023
24/10/2023,43,10,24,2023
25/10/2023,43,10,25,2023
26/10/2023,43,10,26,2023
27/10/2023,43,10,27,2023
28/10/2023,43,10,28,2023
29/10/2023,43,10,29,2023
30/10/2023,44,10,30,2023
31/10/2023,44,10,31,2023
01/11/2023,44,11,1,2023
02/11/2023,44,11,2,2023
03/11/2023,44,11,3,2023
04/11/2023,44,11,4,2023
05/11/2023,44,11,5,2023
06/11/2023,45,11,6,2023
07/11/2023,45,11,7,2023
08/11/2023,45,11,8,2023
09/11/2023,45,11,9,2023
10/11/2023,45,11,10,2023
11/11/2023,45,11,11,2023
12/11/2023,45,11,12,2023
13/11/2023,46,11,13,2023
14/11/2023,46,11,14,2023
15/11/2023,46,11,15,2023
16/11/2023,46,11,16,2023
17/11/2023,46,11,17,2023
18/11/2023,46,11,18,2023
19/11/2023,46,11,19,2023
20/11/2023,47,11,20,2023
21/11/2023,47,11,21,2023
22/11/2023,47,11,22,2023
23/11/2023,47,11,23,2023
24/11/2023,47,11,24,2023
25/11/2023,47,11,25,2023
26/11/2023,47,11,26,2023
27/11/2023,48,11,27,2023
28/11/2023,48,11,28,2023
29/11/2023,48,11,29,2023
30/11/2023,48,11,30,2023
01/12/2023,48,12,1,2023
02/12/2023,48,12,2,2023
03/12/2023,48,12,3,2023
04/12/2023,49,12,4,2023
05/12/2023,49,12,5,2023
06/12/2023,49,12,6,2023
07/12/2023,49,12,7,2023
08/12/2023,49,12,8,2023
09/12/2023,49,12,9,2023
10/12/2023,49,12,10,2023
11/12/2023,50,12,11,2023
12/12/2023,50,12,12,2023
13/12/2023,50,12,13,2023
14/12/2023,50,12,14,2023
15/12/2023,50,12,15,2023
16/12/2023,50,12,16,2023
17/12/2023,50,12,17,2023
18/12/2023,51,12,18,2023
19/12/2023,51,12,19,2023
20/12/2023,51,12,20,2023
21/12/2023,51,12,21,2023
22/12/2023,51,12,22,2023
23/12/2023,51,12,23,2023
24/12/2023,51,12,24,2023
25/12/2023,52,12,25,2023
26/12/2023,52,12,26,2023
27/12/2023,52,12,27,2023
28/12/2023,52,12,28,2023
29/12/2023,52,12,29,2023
30/12/2023,52,12,30,2023
31/12/2023,52,12,31,2023
01/01/2024,1,1,1,2024
02/01/2024,1,1,2,2024
03/01/2024,1,1,3,2024
04/01/2024,1,1,4,2024
05/01/2024,1,1,5,2024
06/01/2024,1,1,6,2024
07/01/2024,1,1,7,2024
08/01/2024,2,1,8,2024
09/01/2024,2,1,9,2024
10/01/2024,2,1,10,2024
11/01/2024,2,1,11,2024
12/01/2024,2,1,12,2024
13/01/2024,2,1,13,2024
14/01/2024,2,1,14,2024
15/01/2024,3,1,15,2024
16/01/2024,3,1,16,2024
17/01/2024,3,1,17,2024
18/01/2024,3,1,18,2024
19/01/2024,3,1,19,2024
20/01/2024,3,1,20,2024
21/01/2024,3,1,21,2024
22/01/2024,4,1,22,2024
23/01/2024,4,1,23,2024
24/01/2024,4,1,24,2024
25/01/2024,4,1,25,2024
26/01/2024,4,1,26,2024
27/01/2024,4,1,27,2024
28/01/2024,4,1,28,2024
29/01/2024,5,1,29,2024
30/01/2024,5,1,30,2024
31/01/2024,5,1,31,2024
01/02/2024,5,2,1,2024
02/02/2024,5,2,2,2024
03/02/2024,5,2,3,2024
04/02/2024,5,2,4,2024
05/02/2024,6,2,5,2024
06/02/2024,6,2,6,2024
07/02/2024,6,2,7,2024
08/02/2024,6,2,8,2024
09/02/2024,6,2,9,2024
10/02/2024,6,2,10,2024
11/02/2024,6,2,11,2024
12/02/2024,7,2,12,2024
13/02/2024,7,2,13,2024
14/02/2024,7,2,14,2024
15/02/2024,7,2,15,2024
16/02/2024,7,2,16,2024
17/02/2024,7,2,17,2024
18/02/2024,7,2,18,2024
19/02/2024,8,2,19,2024
20/02/2024,8,2,20,2024
21/02/2024,8,2,21,2024
22/02/2024,8,2,22,2024
23/02/2024,8,2,23,2024
24/02/2024,8,2,24,2024
25/02/2024,8,2,25,2024
26/02/2024,9,2,26,2024
27/02/2024,9,2,27,2024
28/02/2024,9,2,28,2024
29/02/2024,9,2,29,2024
01/03/2024,9,3,1,2024
02/03/2024,9,3,2,2024
03/03/2024,9,3,3,2024
04/03/2024,10,3,4,2024
05/03/2024,10,3,5,2024
06/03/2024,10,3,6,2024
07/03/2024,10,3,7,2024
08/03/2024,10,3,8,2024
09/03/2024,10,3,9,2024
10/03/2024,10,3,10,2024
11/03/2024,11,3,11,2024
12/03/2024,11,3,12,2024
13/03/2024,11,3,13,2024
14/03/2024,11,3,14,2024
15/03/2024,11,3,15,2024
16/03/2024,11,3,16,2024
17/03/2024,11,3,17,2024
18/03/2024,12,3,18,2024
19/03/2024,12,3,19,2024
20/03/2024,12,3,20,2024
21/03/2024,12,3,21,2024
22/03/2024,12,3,22,2024
23/03/2024,12,3,23,2024
24/03/2024,12,3,24,2024
25/03/2024,13,3,25,2024
26/03/2024,13,3,26,2024
27/03/2024,13,3,27,2024
28/03/2024,13,3,28,2024
29/03/2024,13,3,29,2024
30/03/2024,13,3,30,2024
31/03/2024,13,3,31,2024
01/04/2024,14,4,1,2024
02/04/2024,14,4,2,2024
03/04/2024,14,4,3,2024
04/04/2024,14,4,4,2024
05/04/2024,14,4,5,2024
06/04/2024,14,4,6,2024
07/04/2024,14,4,7,2024
08/04/2024,15,4,8,2024
09/04/2024,15,4,9,2024
10/04/2024,15,4,10,2024
11/04/2024,15,4,11,2024
12/04/2024,15,4,12,2024
13/04/2024,15,4,13,2024
14/04/2024,15,4,14,2024
15/04/2024,16,4,15,2024
16/04/2024,16,4,16,2024
17/04/2024,16,4,17,2024
18/04/2024,16,4,18,2024
19/04/2024,16,4,19,2024
20/04/2024,16,4,20,2024
21/04/2024,16,4,21,2024
22/04/2024,17,4,22,2024
23/04/2024,17,4,23,2024
24/04/2024,17,4,24,2024
25/04/2024,17,4,25,2024
26/04/2024,17,4,26,2024
27/04/2024,17,4,27,2024
28/04/2024,17,4,28,2024
29/04/2024,18,4,29,2024
30/04/2024,18,4,30,2024
01/05/2024,18,5,1,2024
02/05/2024,18,5,2,2024
03/05/2024,18,5,3,2024
04/05/2024,18,5,4,2024
05/05/2024,18,5,5,2024
06/05/2024,19,5,6,2024
07/05/2024,19,5,7,2024
08/05/2024,19,5,8,2024
09/05/2024,19,5,9,2024
10/05/2024,19,5,10,2024
11/05/2024,19,5,11,2024
12/05/2024,19,5,12,2024
13/05/2024,20,5,13,2024
14/05/2024,20,5,14,2024
15/05/2024,20,5,15,2024
16/05/2024,20,5,16,2024
17/05/2024,20,5,17,2024
18/05/2024,20,5,18,2024
19/05/2024,20,5,19,2024
20/05/2024,21,5,20,2024
21/05/2024,21,5,21,2024
22/05/2024,21,5,22,2024
23/05/2024,21,5,23,2024
24/05/2024,21,5,24,2024
25/05/2024,21,5,25,2024
26/05/2024,21,5,26,2024
27/05/2024,22,5,27,2024
28/05/2024,22,5,28,2024
29/05/2024,22,5,29,2024
30/05/2024,22,5,30,2024
31/05/2024,22,5,31,2024
01/06/2024,22,6,1,2024
02/06/2024,22,6,2,2024
03/06/2024,23,6,3,2024
04/06/2024,23,6,4,2024
05/06/2024,23,6,5,2024
06/06/2024,23,6,6,2024
07/06/2024,23,6,7,2024
08/06/2024,23,6,8,2024
09/06/2024,23,6,9,2024
10/06/2024,24,6,10,2024
11/06/2024,24,6,11,2024
12/06/2024,24,6,12,2024
13/06/2024,24,6,13,2024
14/06/2024,24,6,14,2024
15/06/2024,24,6,15,2024
16/06/2024,24,6,16,2024
17/06/2024,25,6,17,2024
18/06/2024,25,6,18,2024
19/06/2024,25,6,19,2024
20/06/2024,25,6,20,2024
21/06/2024,25,6,21,2024
22/06/2024,25,6,22,2024
23/06/2024,25,6,23,2024
24/06/2024,26,6,24,2024
25/06/2024,26,6,25,2024
26/06/2024,26,6,26,2024
27/06/2024,26,6,27,2024
28/06/2024,26,6,28,2024
29/06/2024,26,6,29,2024
30/06/2024,26,6,30,2024
01/07/2024,27,7,1,2024
02/07/2024,27,7,2,2024
03/07/2024,27,7,3,2024
04/07/2024,27,7,4,2024
05/07/2024,27,7,5,2024
06/07/2024,27,7,6,2024
07/07/2024,27,7,7,2024
08/07/2024,28,7,8,2024
09/07/2024,28,7,9,2024
10/07/2024,28,7,10,2024
11/07/2024,28,7,11,2024
12/07/2024,28,7,12,2024
13/07/2024,28,7,13,2024
14/07/2024,28,7,14,2024
15/07/2024,29,7,15,2024
16/07/2024,29,7,16,2024
17/07/2024,29,7,17,2024
18/07/2024,29,7,18,2024
19/07/2024,29,7,19,2024
20/07/2024,29,7,20,2024
21/07/2024,29,7,21,2024
22/07/2024,30,7,22,2024
23/07/2024,30,7,23,2024
24/07/2024,30,7,24,2024
25/07/2024,30,7,25,2024
26/07/2024,30,7,26,2024
27/07/2024,30,7,27,2024
28/07/2024,30,7,28,2024
29/07/2024,31,7,29,2024
30/07/2024,31,7,30,2024
31/07/2024,31,7,31,2024
01/08/2024,31,8,1,2024
02/08/2024,31,8,2,2024
03/08/2024,31,8,3,2024
04/08/2024,31,8,4,2024
05/08/2024,32,8,5,2024
06/08/2024,32,8,6,2024
07/08/2024,32,8,7,2024
08/08/2024,32,8,8,2024
09/08/2024,32,8,9,2024
10/08/2024,32,8,10,2024
11/08/2024,32,8,11,2024
12/08/2024,33,8,12,2024
13/08/2024,33,8,13,2024
14/08/2024,33,8,14,2024
15/08/2024,33,8,15,2024
16/08/2024,33,8,16,2024
17/08/2024,33,8,17,2024
18/08/2024,33,8,18,2024
19/08/2024,34,8,19,2024
20/08/2024,34,8,20,2024
21/08/2024,34,8,21,2024
22/08/2024,34,8,22,2024
23/08/2024,34,8,23,2024
24/08/2024,34,8,24,2024
25/08/2024,34,8,25,2024
26/08/2024,35,8,26,2024
27/08/2024,35,8,27,2024
28/08/2024,35,8,28,2024
29/08/2024,35,8,29,2024
30/08/2024,35,8,30,2024
31/08/2024,35,8,31,2024
01/09/2024,35,9,1,2024
02/09/2024,36,9,2,2024
03/09/2024,36,9,3,2024
04/09/2024,36,9,4,2024
05/09/2024,36,9,5,2024
06/09/2024,36,9,6,2024
07/09/2024,36,9,7,2024
08/09/2024,36,9,8,2024
09/09/2024,37,9,9,2024
10/09/2024,37,9,10,2024
11/09/2024,37,9,11,2024
12/09/2024,37,9,12,2024
13/09/2024,37,9,13,2024
14/09/2024,37,9,14,2024
15/09/2024,37,9,15,2024
16/09/2024,38,9,16,2024
17/09/2024,38,9,17,2024
18/09/2024,38,9,18,2024
19/09/2024,38,9,19,2024
20/09/2024,38,9,20,2024
21/09/2024,38,9,21,2024
22/09/2024,38,9,22,2024
23/09/2024,39,9,23,2024
24/09/2024,39,9,24,2024
25/09/2024,39,9,25,2024
26/09/2024,39,9,26,2024
27/09/2024,39,9,27,2024
28/09/2024,39,9,28,2024
29/09/2024,39,9,29,2024
30/09/2024,40,9,30,2024
01/10/2024,40,10,1,2024
02/10/2024,40,10,2,2024
03/10/2024,40,10,3,2024
04/10/2024,40,10,4,2024
05/10/2024,40,10,5,2024
06/10/2024,40,10,6,2024
07/10/2024,41,10,7,2024
08/10/2024,41,10,8,2024
09/10/2024,41,10,9,2024
10/10/2024,41,10,10,2024
11/10/2024,41,10,11,2024
12/10/2024,41,10,12,2024
13/10/2024,41,10,13,2024
14/10/2024,42,10,14,2024
15/10/2024,42,10,15,2024
16/10/2024,42,10,16,2024
17/10/2024,42,10,17,2024
18/10/2024,42,10,18,2024
19/10/2024,42,10,19,2024
20/10/2024,42,10,20,2024
21/10/2024,43,10,21,2024
22/10/2024,43,10,22,2024
23/10/2024,43,10,23,2024
24/10/2024,43,10,24,2024
25/10/2024,43,10,25,2024
26/10/2024,43,10,26,2024
27/10/2024,43,10,27,2024
28/10/2024,44,10,28,2024
29/10/2024,44,10,29,2024
30/10/2024,44,10,30,2024
31/10/2024,44,10,31,2024
01/11/2024,44,11,1,2024
02/11/2024,44,11,2,2024
03/11/2024,44,11,3,2024
04/11/2024,45,11,4,2024
05/11/2024,45,11,5,2024
06/11/2024,45,11,6,2024
07/11/2024,45,11,7,2024
08/11/2024,45,11,8,2024
09/11/2024,45,11,9,2024
10/11/2024,45,11,10,2024
11/11/2024,46,11,11,2024
12/11/2024,46,11,12,2024
13/11/2024,46,11,13,2024
14/11/2024,46,11,14,2024
15/11/2024,46,11,15,2024
16/11/2024,46,11,16,2024
17/11/2024,46,11,17,2024
18/11/2024,47,11,18,2024
19/11/2024,47,11,19,2024
20/11/2024,47,11,20,2024
21/11/2024,47,11,21,2024
22/11/2024,47,11,22,2024
23/11/2024,47,11,23,2024
24/11/2024,47,11,24,2024
25/11/2024,48,11,25,2024
26/11/2024,48,11,26,2024
27/11/2024,48,11,27,2024
28/11/2024,48,11,28,2024
29/11/2024,48,11,29,2024
30/11/2024,48,11,30,2024
01/12/2024,48,12,1,2024
02/12/2024,49,12,2,2024
03/12/2024,49,12,3,2024
04/12/2024,49,12,4,2024
05/12/2024,49,12,5,2024
06/12/2024,49,12,6,2024
07/12/2024,49,12,7,2024
08/12/2024,49,12,8,2024
09/12/2024,50,12,9,2024
10/12/2024,50,12,10,2024
11/12/2024,50,12,11,2024
12/12/2024,50,12,12,2024
13/12/2024,50,12,13,2024
14/12/2024,50,12,14,2024
15/12/2024,50,12,15,2024
16/12/2024,51,12,16,2024
17/12/2024,51,12,17,2024
18/12/2024,51,12,18,2024
19/12/2024,51,12,19,2024
20/12/2024,51,12,20,2024
21/12/2024,51,12,21,2024
22/12/2024,51,12,22,2024
23/12/2024,52,12,23,2024
24/12/2024,52,12,24,2024
25/12/2024,52,12,25,2024
26/12/2024,52,12,26,2024
27/12/2024,52,12,27,2024
28/12/2024,52,12,28,2024
29/12/2024,52,12,29,2024
30/12/2024,1,12,30,2024
31/12/2024,1,12,31,2024
